step,loss,probe_accuracy,timestamp
500,7.350758,,2026-01-01T04:11:37.939496
1000,6.179561,,2026-01-01T04:13:52.845893
1000,6.179561,0.7333,2026-01-01T04:13:53.156852
1500,5.428539,,2026-01-01T04:17:37.007614
2000,5.084099,,2026-01-01T04:21:35.092965
2000,5.084099,0.6667,2026-01-01T04:21:35.445343
2500,4.841105,,2026-01-01T04:23:54.203076
3000,4.685792,,2026-01-01T04:26:10.450325
3000,4.685792,0.8000,2026-01-01T04:26:10.691605
3500,4.555858,,2026-01-01T04:28:28.796045
4000,4.381798,,2026-01-01T04:30:45.461695
4000,4.381798,0.8000,2026-01-01T04:30:45.704581
4500,4.189151,,2026-01-01T04:33:04.042416
5000,4.110826,,2026-01-01T04:35:21.321272
5000,4.110826,0.8000,2026-01-01T04:35:21.562593
5500,4.040025,,2026-01-01T04:37:40.211936
6000,4.074524,,2026-01-01T04:39:57.407749
6000,4.074524,0.8667,2026-01-01T04:39:57.710712
6500,3.770441,,2026-01-01T04:42:16.792006
7000,3.905863,,2026-01-01T04:44:34.547490
7000,3.905863,0.8667,2026-01-01T04:44:34.850310
7500,3.693333,,2026-01-01T04:46:53.780705
8000,3.690496,,2026-01-01T04:49:10.902133
8000,3.690496,0.8667,2026-01-01T04:49:11.137124
8500,3.613653,,2026-01-01T04:51:30.082320
9000,3.551869,,2026-01-01T04:53:47.731275
9000,3.551869,0.8000,2026-01-01T04:53:47.964983
9500,3.620973,,2026-01-01T04:56:07.397453
10000,3.374716,,2026-01-01T04:58:25.410826
10000,3.374716,0.9333,2026-01-01T04:58:25.657427
10500,3.386886,,2026-01-01T05:00:44.807987
11000,3.350464,,2026-01-01T05:03:02.995467
11000,3.350464,0.8667,2026-01-01T05:03:03.301024
11500,3.345177,,2026-01-01T05:05:22.568037
12000,3.178076,,2026-01-01T05:07:40.902948
12000,3.178076,0.7333,2026-01-01T05:07:41.174905
12500,3.370264,,2026-01-01T05:10:00.580175
13000,3.236182,,2026-01-01T05:12:19.036575
13000,3.236182,0.7333,2026-01-01T05:12:19.341861
13500,3.071081,,2026-01-01T05:14:39.092471
14000,3.081614,,2026-01-01T05:16:56.727172
14000,3.081614,0.7333,2026-01-01T05:16:56.957698
14500,2.999255,,2026-01-01T05:19:16.142841
15000,3.014882,,2026-01-01T05:21:34.885422
15000,3.014882,0.7333,2026-01-01T05:21:35.188675
15500,2.916865,,2026-01-01T05:23:54.788391
16000,2.923285,,2026-01-01T05:26:12.626018
16000,2.923285,0.9333,2026-01-01T05:26:12.874288
16500,2.822134,,2026-01-01T05:28:32.039935
17000,2.760476,,2026-01-01T05:30:49.889637
17000,2.760476,0.8000,2026-01-01T05:30:50.195297
17500,2.779231,,2026-01-01T05:33:10.338682
18000,2.918290,,2026-01-01T05:35:28.808461
18000,2.918290,0.8667,2026-01-01T05:35:29.111810
18500,2.722670,,2026-01-01T05:37:49.537371
19000,2.531801,,2026-01-01T05:40:08.514320
19000,2.531801,0.8667,2026-01-01T05:40:08.818535
19500,2.705392,,2026-01-01T05:42:29.033911
20000,2.466043,,2026-01-01T05:44:46.777491
20000,2.466043,0.9333,2026-01-01T05:44:47.018307
20500,2.482493,,2026-01-01T05:47:06.372884
21000,2.557791,,2026-01-01T05:49:24.704615
21000,2.557791,0.9333,2026-01-01T05:49:25.018440
21500,2.537189,,2026-01-01T05:51:44.747927
22000,2.422708,,2026-01-01T05:54:03.302148
22000,2.422708,0.8667,2026-01-01T05:54:03.605289
22500,2.196712,,2026-01-01T05:56:23.724489
23000,2.400697,,2026-01-01T05:58:41.393330
23000,2.400697,0.8667,2026-01-01T05:58:41.625641
23500,2.335791,,2026-01-01T06:01:00.641943
24000,2.183691,,2026-01-01T06:03:18.726189
24000,2.183691,0.9333,2026-01-01T06:03:18.960137
24500,2.155072,,2026-01-01T06:05:38.517376
25000,2.278646,,2026-01-01T06:07:55.952632
25000,2.278646,0.8000,2026-01-01T06:07:56.185470
25500,2.371774,,2026-01-01T06:10:15.160598
26000,2.111643,,2026-01-01T06:12:33.901896
26000,2.111643,0.8667,2026-01-01T06:12:34.205843
26500,2.241254,,2026-01-01T06:14:53.853738
27000,2.239964,,2026-01-01T06:17:11.438000
27000,2.239964,0.9333,2026-01-01T06:17:11.671085
27500,2.138297,,2026-01-01T06:19:30.699850
28000,2.238281,,2026-01-01T06:21:48.115330
28000,2.238281,0.8667,2026-01-01T06:21:48.346738
28500,2.121108,,2026-01-01T06:24:07.263787
29000,2.199273,,2026-01-01T06:26:24.878406
29000,2.199273,0.8000,2026-01-01T06:26:25.113338
29500,2.231655,,2026-01-01T06:28:44.118009
30000,2.089358,,2026-01-01T06:31:01.518932
30000,2.089358,0.8000,2026-01-01T06:31:01.760158
30500,2.033609,,2026-01-01T06:33:22.515033
31000,2.196345,,2026-01-01T06:35:40.515333
31000,2.196345,0.8000,2026-01-01T06:35:40.748231
31500,2.246937,,2026-01-01T06:38:02.631965
32000,2.062503,,2026-01-01T06:40:21.431704
32000,2.062503,0.8000,2026-01-01T06:40:21.734408
32500,2.028645,,2026-01-01T06:42:40.566434
33000,1.998801,,2026-01-01T06:44:57.982271
33000,1.998801,0.8667,2026-01-01T06:44:58.227227
33500,1.977718,,2026-01-01T06:47:20.933289
34000,2.114857,,2026-01-01T06:49:38.796344
34000,2.114857,0.8667,2026-01-01T06:49:39.029355
34500,2.058697,,2026-01-01T06:51:58.409727
35000,2.027349,,2026-01-01T06:54:16.158393
35000,2.027349,0.9333,2026-01-01T06:54:16.407220
35500,2.041195,,2026-01-01T06:56:35.649929
36000,1.996623,,2026-01-01T06:58:53.148379
36000,1.996623,0.8667,2026-01-01T06:58:53.380300
36500,2.000162,,2026-01-01T07:01:12.261204
37000,1.941854,,2026-01-01T07:03:29.824808
37000,1.941854,0.9333,2026-01-01T07:03:30.077229
37500,2.024937,,2026-01-01T07:05:49.319793
38000,1.873479,,2026-01-01T07:08:07.055299
38000,1.873479,0.9333,2026-01-01T07:08:07.289965
38500,1.964629,,2026-01-01T07:10:26.449267
39000,2.081220,,2026-01-01T07:12:44.154041
39000,2.081220,0.9333,2026-01-01T07:12:44.387190
39500,1.988952,,2026-01-01T07:15:03.365897
40000,1.895441,,2026-01-01T07:17:21.081186
40000,1.895441,0.8667,2026-01-01T07:17:21.314167
40500,1.918420,,2026-01-01T07:19:40.280304
41000,1.908384,,2026-01-01T07:21:57.905336
41000,1.908384,0.9333,2026-01-01T07:21:58.157149
41500,1.891970,,2026-01-01T07:24:17.924619
42000,1.850590,,2026-01-01T07:26:35.579852
42000,1.850590,0.9333,2026-01-01T07:26:35.825100
42500,1.990507,,2026-01-01T07:28:54.769192
43000,1.888286,,2026-01-01T07:31:12.176561
43000,1.888286,0.8667,2026-01-01T07:31:12.410945
43500,1.935311,,2026-01-01T07:33:31.184134
44000,1.901427,,2026-01-01T07:35:48.507021
44000,1.901427,0.9333,2026-01-01T07:35:48.740456
44500,1.864003,,2026-01-01T07:38:07.781788
45000,1.772985,,2026-01-01T07:40:25.311821
45000,1.772985,0.8667,2026-01-01T07:40:25.544724
45500,1.894467,,2026-01-01T07:42:44.781046
46000,1.993108,,2026-01-01T07:45:02.334080
46000,1.993108,0.7333,2026-01-01T07:45:02.579874
46500,1.971889,,2026-01-01T07:47:23.092085
47000,1.897982,,2026-01-01T07:49:41.167572
47000,1.897982,0.8000,2026-01-01T07:49:41.397654
47500,1.907939,,2026-01-01T07:52:00.568244
48000,1.863379,,2026-01-01T07:54:18.833363
48000,1.863379,0.8667,2026-01-01T07:54:19.135849
48500,1.762301,,2026-01-01T07:56:43.930716
49000,1.724109,,2026-01-01T07:59:02.109469
49000,1.724109,0.8667,2026-01-01T07:59:02.413337
49500,1.815294,,2026-01-01T08:01:22.085218
50000,1.916315,,2026-01-01T08:03:39.475835
50000,1.916315,0.9333,2026-01-01T08:03:39.709984
50500,1.746239,,2026-01-01T08:05:58.693063
51000,1.832058,,2026-01-01T08:08:16.147017
51000,1.832058,0.9333,2026-01-01T08:08:16.390825
51500,1.745276,,2026-01-01T08:10:35.568241
52000,1.804447,,2026-01-01T08:12:52.953586
52000,1.804447,0.8667,2026-01-01T08:12:53.200661
52500,1.697594,,2026-01-01T08:15:12.425775
53000,1.746360,,2026-01-01T08:17:30.766383
53000,1.746360,0.8667,2026-01-01T08:17:31.072023
53500,1.729758,,2026-01-01T08:19:51.279171
54000,1.783369,,2026-01-01T08:22:09.001405
54000,1.783369,0.8667,2026-01-01T08:22:09.304426
54500,1.742720,,2026-01-01T08:24:28.627428
55000,1.707974,,2026-01-01T08:26:46.275793
55000,1.707974,0.9333,2026-01-01T08:26:46.508330
55500,1.821600,,2026-01-01T08:29:06.332441
56000,1.832152,,2026-01-01T08:31:24.762707
56000,1.832152,0.8667,2026-01-01T08:31:25.067218
56500,1.726720,,2026-01-01T08:33:44.556260
57000,1.721955,,2026-01-01T08:36:02.995519
57000,1.721955,0.8000,2026-01-01T08:36:03.224992
57500,1.782546,,2026-01-01T08:38:22.012557
58000,1.785061,,2026-01-01T08:40:39.443174
58000,1.785061,0.8000,2026-01-01T08:40:39.679062
58500,1.806114,,2026-01-01T08:42:58.669029
59000,1.814935,,2026-01-01T08:45:16.030225
59000,1.814935,0.8000,2026-01-01T08:45:16.260201
59500,1.744985,,2026-01-01T08:47:37.527803
60000,1.774630,,2026-01-01T08:49:55.907001
60000,1.774630,0.8667,2026-01-01T08:49:56.147821
60500,1.674158,,2026-01-01T08:52:16.265173
61000,1.753559,,2026-01-01T08:54:34.484543
61000,1.753559,0.9333,2026-01-01T08:54:34.724841
61500,1.909466,,2026-01-01T08:56:54.029105
62000,1.833388,,2026-01-01T08:59:12.354153
62000,1.833388,0.8667,2026-01-01T08:59:12.586793
62500,1.657749,,2026-01-01T09:01:31.454741
63000,1.678802,,2026-01-01T09:03:48.981378
63000,1.678802,0.8667,2026-01-01T09:03:49.225183
63500,1.686272,,2026-01-01T09:06:08.304460
64000,1.600378,,2026-01-01T09:08:25.814178
64000,1.600378,0.8667,2026-01-01T09:08:26.060627
64500,1.628212,,2026-01-01T09:10:45.036370
65000,1.780178,,2026-01-01T09:13:02.372791
65000,1.780178,0.8667,2026-01-01T09:13:02.688412
65500,1.603037,,2026-01-01T09:15:23.230175
66000,1.734029,,2026-01-01T09:17:41.562078
66000,1.734029,0.8667,2026-01-01T09:17:41.800535
66500,1.712867,,2026-01-01T09:20:01.333452
67000,1.702465,,2026-01-01T09:22:19.929826
67000,1.702465,0.9333,2026-01-01T09:22:20.170256
67500,1.713431,,2026-01-01T09:24:39.110603
68000,1.578529,,2026-01-01T09:26:56.735211
68000,1.578529,0.8667,2026-01-01T09:26:56.965901
68500,1.648218,,2026-01-01T09:29:15.929365
69000,1.600272,,2026-01-01T09:31:33.321710
69000,1.600272,0.8667,2026-01-01T09:31:33.568853
69500,1.593805,,2026-01-01T09:33:52.801840
70000,1.654709,,2026-01-01T09:36:10.333028
70000,1.654709,0.8667,2026-01-01T09:36:10.582519
70500,1.651929,,2026-01-01T09:38:30.093616
71000,1.778034,,2026-01-01T09:40:47.699818
71000,1.778034,0.8667,2026-01-01T09:40:47.942424
71500,1.621834,,2026-01-01T09:43:07.551825
72000,1.653015,,2026-01-01T09:45:25.415920
72000,1.653015,0.9333,2026-01-01T09:45:25.655715
72500,1.541964,,2026-01-01T09:47:45.190084
73000,1.572123,,2026-01-01T09:50:02.976823
73000,1.572123,0.8667,2026-01-01T09:50:03.244496
73500,1.637374,,2026-01-01T09:52:22.355289
74000,1.594789,,2026-01-01T09:54:39.975757
74000,1.594789,0.9333,2026-01-01T09:54:40.232349
74500,1.673278,,2026-01-01T09:56:59.485764
75000,1.660212,,2026-01-01T09:59:17.096567
75000,1.660212,0.8667,2026-01-01T09:59:17.344866
75500,1.636283,,2026-01-01T10:01:36.586918
76000,1.562150,,2026-01-01T10:03:54.042874
76000,1.562150,0.8667,2026-01-01T10:03:54.277051
76500,1.554779,,2026-01-01T10:06:13.394755
77000,1.588892,,2026-01-01T10:08:31.124286
77000,1.588892,0.8000,2026-01-01T10:08:31.363197
77500,1.621955,,2026-01-01T10:10:50.438345
78000,1.674231,,2026-01-01T10:13:08.253443
78000,1.674231,0.8667,2026-01-01T10:13:08.492692
78500,1.763286,,2026-01-01T10:15:29.043950
79000,1.669417,,2026-01-01T10:17:46.952620
79000,1.669417,0.9333,2026-01-01T10:17:47.183125
79500,1.588615,,2026-01-01T10:20:06.473393
80000,1.470647,,2026-01-01T10:22:24.446942
80000,1.470647,0.8667,2026-01-01T10:22:24.679824
80500,1.600582,,2026-01-01T10:24:44.104800
81000,1.661198,,2026-01-01T10:27:02.405462
81000,1.661198,0.9333,2026-01-01T10:27:02.712818
81500,1.590467,,2026-01-01T10:29:22.881173
82000,1.548691,,2026-01-01T10:31:40.572944
82000,1.548691,0.9333,2026-01-01T10:31:40.820483
82500,1.560330,,2026-01-01T10:34:00.664732
83000,1.590751,,2026-01-01T10:36:18.839385
83000,1.590751,0.8667,2026-01-01T10:36:19.141814
83500,1.654123,,2026-01-01T10:38:38.762434
84000,1.587245,,2026-01-01T10:40:57.125197
84000,1.587245,0.8667,2026-01-01T10:40:57.428644
84500,1.435351,,2026-01-01T10:43:17.922617
85000,1.610874,,2026-01-01T10:45:37.048349
85000,1.610874,0.9333,2026-01-01T10:45:37.350729
85500,1.616471,,2026-01-01T10:47:57.577067
86000,1.504126,,2026-01-01T10:50:16.239311
86000,1.504126,0.9333,2026-01-01T10:50:16.472058
86500,1.569415,,2026-01-01T10:52:36.203610
87000,1.523785,,2026-01-01T10:54:54.258604
87000,1.523785,0.8667,2026-01-01T10:54:54.498318
87500,1.528633,,2026-01-01T10:57:13.805711
88000,1.524622,,2026-01-01T10:59:32.307289
88000,1.524622,0.9333,2026-01-01T10:59:32.615180
88500,1.547911,,2026-01-01T11:01:51.771094
89000,1.505707,,2026-01-01T11:04:09.707955
89000,1.505707,0.9333,2026-01-01T11:04:09.956451
89500,1.659642,,2026-01-01T11:06:29.143952
90000,1.503203,,2026-01-01T11:08:46.529634
90000,1.503203,0.9333,2026-01-01T11:08:46.783063
90500,1.518867,,2026-01-01T11:11:05.944729
91000,1.558122,,2026-01-01T11:13:23.736763
91000,1.558122,0.9333,2026-01-01T11:13:23.977998
91500,1.509526,,2026-01-01T11:15:43.262264
92000,1.545423,,2026-01-01T11:18:00.921454
92000,1.545423,0.8667,2026-01-01T11:18:01.160099
92500,1.565977,,2026-01-01T11:20:20.319881
93000,1.502378,,2026-01-01T11:22:37.828496
93000,1.502378,0.9333,2026-01-01T11:22:38.069182
93500,1.476298,,2026-01-01T11:24:56.969380
94000,1.612214,,2026-01-01T11:27:14.560271
94000,1.612214,0.9333,2026-01-01T11:27:14.794520
94500,1.547890,,2026-01-01T11:29:33.751927
95000,1.557162,,2026-01-01T11:31:51.227731
95000,1.557162,0.9333,2026-01-01T11:31:51.461300
95500,1.557202,,2026-01-01T11:34:10.373228
96000,1.508091,,2026-01-01T11:36:27.651956
96000,1.508091,0.9333,2026-01-01T11:36:27.882407
96500,1.576270,,2026-01-01T11:38:46.588105
97000,1.560630,,2026-01-01T11:41:04.521998
97000,1.560630,0.8667,2026-01-01T11:41:04.763745
97500,1.460125,,2026-01-01T11:43:23.642089
98000,1.453408,,2026-01-01T11:45:41.066527
98000,1.453408,0.9333,2026-01-01T11:45:41.300397
98500,1.512256,,2026-01-01T11:48:00.294263
99000,1.592706,,2026-01-01T11:50:18.100889
99000,1.592706,0.9333,2026-01-01T11:50:18.343902
99500,1.411730,,2026-01-01T11:52:38.862166
100000,1.438093,,2026-01-01T11:54:57.753551
100000,1.438093,0.9333,2026-01-01T11:54:57.996957
100500,1.483533,,2026-01-01T11:57:18.326447
101000,1.408366,,2026-01-01T11:59:37.619772
101000,1.408366,0.9333,2026-01-01T11:59:37.922695
101500,1.457232,,2026-01-01T12:01:58.414811
102000,1.426914,,2026-01-01T12:04:16.701217
102000,1.426914,0.9333,2026-01-01T12:04:16.945522
102500,1.462285,,2026-01-01T12:06:36.007559
103000,1.436117,,2026-01-01T12:08:54.447954
103000,1.436117,0.9333,2026-01-01T12:08:54.767937
103500,1.417650,,2026-01-01T12:11:15.165360
104000,1.427444,,2026-01-01T12:13:34.010890
104000,1.427444,0.9333,2026-01-01T12:13:34.314767
104500,1.500743,,2026-01-01T12:15:54.509406
105000,1.516478,,2026-01-01T12:18:12.239893
105000,1.516478,0.9333,2026-01-01T12:18:12.492769
105500,1.526509,,2026-01-01T12:20:34.772617
106000,1.487630,,2026-01-01T12:22:54.591179
106000,1.487630,0.9333,2026-01-01T12:22:54.850909
106500,1.469272,,2026-01-01T12:25:16.330391
107000,1.495775,,2026-01-01T12:27:36.239259
107000,1.495775,0.9333,2026-01-01T12:27:36.511061
107500,1.384084,,2026-01-01T12:29:58.073039
108000,1.407275,,2026-01-01T12:32:18.014228
108000,1.407275,0.9333,2026-01-01T12:32:18.296792
108500,1.539411,,2026-01-01T12:34:39.976243
109000,1.334893,,2026-01-01T12:36:59.924503
109000,1.334893,0.9333,2026-01-01T12:37:00.201157
109500,1.429041,,2026-01-01T12:39:21.912765
110000,1.403796,,2026-01-01T12:41:41.885044
110000,1.403796,0.8667,2026-01-01T12:41:42.165856
110500,1.460377,,2026-01-01T12:44:03.884284
111000,1.458266,,2026-01-01T12:46:23.768804
111000,1.458266,0.9333,2026-01-01T12:46:24.028872
111500,1.341049,,2026-01-01T12:48:45.692852
112000,1.461251,,2026-01-01T12:51:05.648870
112000,1.461251,0.8667,2026-01-01T12:51:05.901821
112500,1.328141,,2026-01-01T12:53:27.280087
113000,1.440688,,2026-01-01T12:55:47.238083
113000,1.440688,0.9333,2026-01-01T12:55:47.498787
113500,1.425761,,2026-01-01T12:58:09.017483
114000,1.390395,,2026-01-01T13:00:28.977635
114000,1.390395,0.9333,2026-01-01T13:00:29.238697
114500,1.446362,,2026-01-01T13:02:50.758679
115000,1.408929,,2026-01-01T13:05:10.721269
115000,1.408929,0.9333,2026-01-01T13:05:10.983018
115500,1.231063,,2026-01-01T13:07:32.637521
116000,1.400746,,2026-01-01T13:09:52.574071
116000,1.400746,0.9333,2026-01-01T13:09:52.836586
116500,1.380062,,2026-01-01T13:12:14.562692
117000,1.496789,,2026-01-01T13:14:34.511484
117000,1.496789,0.8667,2026-01-01T13:14:34.785779
117500,1.355081,,2026-01-01T13:16:56.346030
118000,1.395739,,2026-01-01T13:19:16.302560
118000,1.395739,0.9333,2026-01-01T13:19:16.566125
118500,1.339816,,2026-01-01T13:21:38.221088
119000,1.363502,,2026-01-01T13:23:58.178175
119000,1.363502,0.9333,2026-01-01T13:23:58.454765
119500,1.386218,,2026-01-01T13:26:20.094821
120000,1.380017,,2026-01-01T13:28:40.053223
120000,1.380017,0.9333,2026-01-01T13:28:40.322831
120500,1.343202,,2026-01-01T13:31:01.973666
121000,1.411185,,2026-01-01T13:33:21.932725
121000,1.411185,0.9333,2026-01-01T13:33:22.210706
121500,1.401689,,2026-01-01T13:35:43.791590
122000,1.459072,,2026-01-01T13:38:03.751389
122000,1.459072,0.9333,2026-01-01T13:38:04.020427
122500,1.477189,,2026-01-01T13:40:25.585621
123000,1.327736,,2026-01-01T13:42:45.207406
123000,1.327736,0.8667,2026-01-01T13:42:45.483432
123500,1.403712,,2026-01-01T13:45:06.624772
124000,1.399482,,2026-01-01T13:47:26.162219
124000,1.399482,0.9333,2026-01-01T13:47:26.423703
124500,1.370544,,2026-01-01T13:49:47.521734
125000,1.301250,,2026-01-01T13:52:07.341274
125000,1.301250,0.9333,2026-01-01T13:52:07.608390
125500,1.415350,,2026-01-01T13:54:28.698108
126000,1.486332,,2026-01-01T13:56:48.513714
126000,1.486332,0.9333,2026-01-01T13:56:48.778175
126500,1.440599,,2026-01-01T13:59:10.149599
127000,1.362865,,2026-01-01T14:01:30.097520
127000,1.362865,0.9333,2026-01-01T14:01:30.383293
127500,1.311449,,2026-01-01T14:03:51.387933
128000,1.389179,,2026-01-01T14:06:10.835333
128000,1.389179,0.8667,2026-01-01T14:06:11.090140
128500,1.412348,,2026-01-01T14:08:32.319166
129000,1.440871,,2026-01-01T14:10:51.862274
129000,1.440871,0.9333,2026-01-01T14:10:52.121401
129500,1.361207,,2026-01-01T14:13:13.353884
130000,1.429616,,2026-01-01T14:15:33.307828
130000,1.429616,0.9333,2026-01-01T14:15:33.571529
130500,1.402922,,2026-01-01T14:17:54.468478
131000,1.378000,,2026-01-01T14:20:14.341292
131000,1.378000,0.9333,2026-01-01T14:20:14.609580
131500,1.362549,,2026-01-01T14:22:36.060643
132000,1.403734,,2026-01-01T14:24:55.651519
132000,1.403734,0.9333,2026-01-01T14:24:55.904606
132500,1.304646,,2026-01-01T14:27:17.003518
133000,1.376880,,2026-01-01T14:29:36.543759
133000,1.376880,0.9333,2026-01-01T14:29:36.800603
133500,1.367410,,2026-01-01T14:31:58.180664
134000,1.359130,,2026-01-01T14:34:17.951382
134000,1.359130,0.9333,2026-01-01T14:34:18.198776
134500,1.325693,,2026-01-01T14:36:38.931843
135000,1.383546,,2026-01-01T14:38:58.555075
135000,1.383546,0.9333,2026-01-01T14:38:58.810728
135500,1.470631,,2026-01-01T14:41:19.764602
136000,1.374094,,2026-01-01T14:43:38.943911
136000,1.374094,0.9333,2026-01-01T14:43:39.191413
136500,1.359240,,2026-01-01T14:46:00.523375
137000,1.327446,,2026-01-01T14:48:20.172129
137000,1.327446,0.9333,2026-01-01T14:48:20.412602
137500,1.383006,,2026-01-01T14:50:41.751783
138000,1.268837,,2026-01-01T14:53:01.709541
138000,1.268837,0.9333,2026-01-01T14:53:01.969936
138500,1.283196,,2026-01-01T14:55:23.281202
139000,1.382087,,2026-01-01T14:57:42.971030
139000,1.382087,0.8667,2026-01-01T14:57:43.211921
139500,1.360162,,2026-01-01T15:00:04.519121
140000,1.304021,,2026-01-01T15:02:24.484689
140000,1.304021,0.9333,2026-01-01T15:02:24.832590
140500,1.391300,,2026-01-01T15:04:46.534047
141000,1.327818,,2026-01-01T15:07:06.489821
141000,1.327818,0.9333,2026-01-01T15:07:06.774355
141500,1.332289,,2026-01-01T15:09:28.481542
142000,1.296539,,2026-01-01T15:11:48.437175
142000,1.296539,0.8667,2026-01-01T15:11:48.699929
142500,1.354526,,2026-01-01T15:14:10.348202
143000,1.297705,,2026-01-01T15:16:30.308630
143000,1.297705,0.9333,2026-01-01T15:16:30.573733
143500,1.307564,,2026-01-01T15:18:52.219857
144000,1.399439,,2026-01-01T15:21:12.173816
144000,1.399439,0.9333,2026-01-01T15:21:12.431577
144500,1.290098,,2026-01-01T15:23:33.949317
145000,1.496495,,2026-01-01T15:25:53.908845
145000,1.496495,0.9333,2026-01-01T15:25:54.173000
145500,1.303703,,2026-01-01T15:28:15.821768
146000,1.311122,,2026-01-01T15:30:35.777891
146000,1.311122,0.9333,2026-01-01T15:30:36.042866
146500,1.419943,,2026-01-01T15:32:57.753636
147000,1.339543,,2026-01-01T15:35:17.709090
147000,1.339543,0.8667,2026-01-01T15:35:17.986382
147500,1.396139,,2026-01-01T15:37:39.705163
148000,1.429232,,2026-01-01T15:39:59.659428
148000,1.429232,0.9333,2026-01-01T15:39:59.933218
148500,1.337891,,2026-01-01T15:42:21.715060
149000,1.216793,,2026-01-01T15:44:41.672780
149000,1.216793,0.9333,2026-01-01T15:44:41.938935
149500,1.309964,,2026-01-01T15:47:03.448910
150000,1.288438,,2026-01-01T15:49:23.401603
150000,1.288438,0.9333,2026-01-01T15:49:23.670958
150500,1.344772,,2026-01-01T15:51:45.095318
151000,1.176700,,2026-01-01T15:54:05.060055
151000,1.176700,0.9333,2026-01-01T15:54:05.326327
151500,1.308700,,2026-01-01T15:56:26.968867
152000,1.254916,,2026-01-01T15:58:46.919251
152000,1.254916,0.9333,2026-01-01T15:58:47.165890
152500,1.199599,,2026-01-01T16:01:08.698621
153000,1.260009,,2026-01-01T16:03:28.656391
153000,1.260009,0.9333,2026-01-01T16:03:28.923285
153500,1.273284,,2026-01-01T16:05:50.570821
154000,1.315412,,2026-01-01T16:08:10.527671
154000,1.315412,0.9333,2026-01-01T16:08:10.800005
154500,1.231643,,2026-01-01T16:10:32.443936
155000,1.268527,,2026-01-01T16:12:52.398338
155000,1.268527,0.9333,2026-01-01T16:12:52.671662
155500,1.241734,,2026-01-01T16:15:14.455634
156000,1.348847,,2026-01-01T16:17:34.413653
156000,1.348847,0.9333,2026-01-01T16:17:34.691929
156500,1.284856,,2026-01-01T16:19:56.412758
157000,1.252347,,2026-01-01T16:22:16.365924
157000,1.252347,0.9333,2026-01-01T16:22:16.628004
157500,1.318739,,2026-01-01T16:24:38.282989
158000,1.278681,,2026-01-01T16:26:58.240854
158000,1.278681,0.9333,2026-01-01T16:26:58.516504
158500,1.300736,,2026-01-01T16:29:20.216704
159000,1.314760,,2026-01-01T16:31:40.174378
159000,1.314760,0.8667,2026-01-01T16:31:40.456955
159500,1.250856,,2026-01-01T16:34:02.229874
160000,1.250582,,2026-01-01T16:36:22.183152
160000,1.250582,0.8667,2026-01-01T16:36:22.453855
160500,1.260556,,2026-01-01T16:38:44.101659
161000,1.288872,,2026-01-01T16:41:04.055929
161000,1.288872,0.9333,2026-01-01T16:41:04.331021
161500,1.299409,,2026-01-01T16:43:26.119820
162000,1.234650,,2026-01-01T16:45:46.067358
162000,1.234650,0.9333,2026-01-01T16:45:46.327784
162500,1.284911,,2026-01-01T16:48:07.984178
163000,1.227765,,2026-01-01T16:50:27.941320
163000,1.227765,0.9333,2026-01-01T16:50:28.206322
163500,1.338201,,2026-01-01T16:52:49.856879
164000,1.354435,,2026-01-01T16:55:09.817890
164000,1.354435,0.9333,2026-01-01T16:55:10.174437
164500,1.216445,,2026-01-01T16:57:31.808176
165000,1.205935,,2026-01-01T16:59:51.764162
165000,1.205935,0.9333,2026-01-01T16:59:52.035507
165500,1.292125,,2026-01-01T17:02:13.878704
166000,1.224762,,2026-01-01T17:04:33.834270
166000,1.224762,0.9333,2026-01-01T17:04:34.112704
166500,1.259573,,2026-01-01T17:06:55.889152
167000,1.248321,,2026-01-01T17:09:15.846677
167000,1.248321,0.9333,2026-01-01T17:09:16.113300
167500,1.317809,,2026-01-01T17:11:37.983197
168000,1.305059,,2026-01-01T17:13:57.937454
168000,1.305059,0.9333,2026-01-01T17:13:58.193711
168500,1.272013,,2026-01-01T17:16:19.852926
169000,1.269941,,2026-01-01T17:18:39.815462
169000,1.269941,0.8667,2026-01-01T17:18:40.084099
169500,1.253682,,2026-01-01T17:21:01.729001
170000,1.301059,,2026-01-01T17:23:21.683015
170000,1.301059,0.9333,2026-01-01T17:23:21.946818
170500,1.297650,,2026-01-01T17:25:43.597552
171000,1.185113,,2026-01-01T17:28:03.551949
171000,1.185113,0.9333,2026-01-01T17:28:03.810422
171500,1.239087,,2026-01-01T17:30:25.532309
172000,1.263139,,2026-01-01T17:32:45.485585
172000,1.263139,0.9333,2026-01-01T17:32:45.746605
172500,1.297296,,2026-01-01T17:35:07.405410
173000,1.186181,,2026-01-01T17:37:27.358833
173000,1.186181,0.9333,2026-01-01T17:37:27.630657
173500,1.237349,,2026-01-01T17:39:49.496311
174000,1.241905,,2026-01-01T17:42:09.449610
174000,1.241905,0.9333,2026-01-01T17:42:09.724969
174500,1.309216,,2026-01-01T17:44:31.424600
175000,1.213961,,2026-01-01T17:46:51.398936
175000,1.213961,0.9333,2026-01-01T17:46:51.762583
175500,1.193608,,2026-01-01T17:49:13.575472
176000,1.201286,,2026-01-01T17:51:33.534916
176000,1.201286,0.9333,2026-01-01T17:51:33.799706
176500,1.210355,,2026-01-01T17:53:55.451296
177000,1.222927,,2026-01-01T17:56:15.413969
177000,1.222927,0.9333,2026-01-01T17:56:15.686176
177500,1.276682,,2026-01-01T17:58:37.402246
178000,1.219242,,2026-01-01T18:00:57.359311
178000,1.219242,0.9333,2026-01-01T18:00:57.624529
178500,1.193902,,2026-01-01T18:03:19.333788
179000,1.190025,,2026-01-01T18:05:39.286462
179000,1.190025,0.9333,2026-01-01T18:05:39.551799
179500,1.273793,,2026-01-01T18:08:01.340981
180000,1.265572,,2026-01-01T18:10:21.297843
180000,1.265572,0.9333,2026-01-01T18:10:21.562226
180500,1.141985,,2026-01-01T18:12:43.222989
181000,1.211886,,2026-01-01T18:15:03.170436
181000,1.211886,0.9333,2026-01-01T18:15:03.437289
181500,1.310641,,2026-01-01T18:17:25.025576
182000,1.223101,,2026-01-01T18:19:44.139400
182000,1.223101,0.9333,2026-01-01T18:19:44.417750
182500,1.158817,,2026-01-01T18:22:04.930915
183000,1.258157,,2026-01-01T18:24:23.531146
183000,1.258157,0.9333,2026-01-01T18:24:23.801080
183500,1.243273,,2026-01-01T18:26:44.434502
184000,1.354895,,2026-01-01T18:29:03.128623
184000,1.354895,0.9333,2026-01-01T18:29:03.398142
184500,1.217494,,2026-01-01T18:31:23.823228
185000,1.306196,,2026-01-01T18:33:41.848795
185000,1.306196,0.9333,2026-01-01T18:33:42.128630
185500,1.316953,,2026-01-01T18:36:02.401850
186000,1.264995,,2026-01-01T18:38:20.558364
186000,1.264995,0.9333,2026-01-01T18:38:20.817334
186500,1.242108,,2026-01-01T18:40:40.544062
187000,1.314111,,2026-01-01T18:42:59.989053
187000,1.314111,0.9333,2026-01-01T18:43:00.269383
187500,1.160135,,2026-01-01T18:45:21.045797
188000,1.141892,,2026-01-01T18:47:40.012332
188000,1.141892,0.9333,2026-01-01T18:47:40.276909
188500,1.261886,,2026-01-01T18:50:01.133013
189000,1.229172,,2026-01-01T18:52:19.935219
189000,1.229172,0.9333,2026-01-01T18:52:20.199412
189500,1.200977,,2026-01-01T18:54:40.196005
190000,1.241897,,2026-01-01T18:56:59.395310
190000,1.241897,0.9333,2026-01-01T18:56:59.654658
190500,1.202052,,2026-01-01T18:59:20.599633
191000,1.201508,,2026-01-01T19:01:39.444310
191000,1.201508,0.8667,2026-01-01T19:01:39.730993
191500,1.205654,,2026-01-01T19:03:59.769390
192000,1.105451,,2026-01-01T19:06:17.641036
192000,1.105451,0.9333,2026-01-01T19:06:17.892141
