step,prompt,category,avg_good_prob,avg_bad_prob,log_ratio,correct,timestamp
1000,2 + 2 =,arithmetic,0.000000,0.000000,-3.0597,False,2025-12-28T06:45:08.837872
1000,5 + 3 =,arithmetic,0.000000,0.000000,-0.0908,False,2025-12-28T06:45:08.837880
1000,La capitale de la France est,knowledge,0.000000,0.000000,0.0000,True,2025-12-28T06:45:08.837885
1000,Le soleil se lève à l',knowledge,0.851175,0.000000,22.8647,True,2025-12-28T06:45:08.837890
1000,Le contraire de chaud est,semantic,0.000000,0.000000,0.0000,False,2025-12-28T06:45:08.837896
1000,Le contraire de grand est,semantic,0.000000,0.000000,0.0000,True,2025-12-28T06:45:08.837901
1000,Chien est à chiot comme chat est à,analogy,0.000000,0.000000,0.0001,False,2025-12-28T06:45:08.837905
1000,Roi est à reine comme homme est à,analogy,0.000000,0.000000,0.0000,True,2025-12-28T06:45:08.837910
2000,2 + 2 =,arithmetic,0.000000,0.000003,-2.6961,False,2025-12-28T07:15:02.487914
2000,5 + 3 =,arithmetic,0.000241,0.000119,0.7074,False,2025-12-28T07:15:02.487921
2000,La capitale de la France est,knowledge,0.000000,0.000000,0.0000,True,2025-12-28T07:15:02.487926
2000,Le soleil se lève à l',knowledge,0.932900,0.000000,22.9564,True,2025-12-28T07:15:02.487931
2000,Le contraire de chaud est,semantic,0.000000,0.000000,-0.0000,False,2025-12-28T07:15:02.487936
2000,Le contraire de grand est,semantic,0.000000,0.000000,0.0000,False,2025-12-28T07:15:02.487941
2000,Chien est à chiot comme chat est à,analogy,0.000000,0.000000,0.0000,False,2025-12-28T07:15:02.487945
2000,Roi est à reine comme homme est à,analogy,0.000000,0.000000,0.0000,True,2025-12-28T07:15:02.487950
3000,2 + 2 =,arithmetic,0.000380,0.006266,-2.8020,False,2025-12-28T07:44:45.851494
3000,5 + 3 =,arithmetic,0.003433,0.006834,-0.6883,False,2025-12-28T07:44:45.851501
3000,La capitale de la France est,knowledge,0.000000,0.000000,0.0000,True,2025-12-28T07:44:45.851506
3000,Le soleil se lève à l',knowledge,0.022153,0.000000,19.2161,True,2025-12-28T07:44:45.851511
3000,Le contraire de chaud est,semantic,0.000000,0.000000,0.0000,True,2025-12-28T07:44:45.851517
3000,Le contraire de grand est,semantic,0.000000,0.000000,-0.0000,False,2025-12-28T07:44:45.851522
3000,Chien est à chiot comme chat est à,analogy,0.000000,0.000000,0.0000,False,2025-12-28T07:44:45.851526
3000,Roi est à reine comme homme est à,analogy,0.000000,0.000000,0.0000,False,2025-12-28T07:44:45.851531
4000,2 + 2 =,arithmetic,0.002307,0.002840,-0.2081,False,2025-12-28T08:14:29.289132
4000,5 + 3 =,arithmetic,0.000062,0.010866,-5.1612,False,2025-12-28T08:14:29.289139
4000,La capitale de la France est,knowledge,0.000000,0.000000,0.0000,True,2025-12-28T08:14:29.289144
4000,Le soleil se lève à l',knowledge,0.990427,0.000000,23.0162,True,2025-12-28T08:14:29.289149
4000,Le contraire de chaud est,semantic,0.000000,0.000000,0.0000,True,2025-12-28T08:14:29.289154
4000,Le contraire de grand est,semantic,0.000000,0.000000,0.0000,False,2025-12-28T08:14:29.289159
4000,Chien est à chiot comme chat est à,analogy,0.000000,0.000000,0.0000,False,2025-12-28T08:14:29.289163
4000,Roi est à reine comme homme est à,analogy,0.000000,0.000000,0.0000,True,2025-12-28T08:14:29.289168
5000,2 + 2 =,arithmetic,0.030604,0.226269,-2.0006,False,2025-12-28T08:44:15.995038
5000,5 + 3 =,arithmetic,0.000044,0.298835,-8.8224,False,2025-12-28T08:44:15.995045
5000,La capitale de la France est,knowledge,0.000000,0.000000,0.0000,True,2025-12-28T08:44:15.995049
5000,Le soleil se lève à l',knowledge,0.996240,0.000000,23.0221,True,2025-12-28T08:44:15.995054
5000,Le contraire de chaud est,semantic,0.000000,0.000000,0.0000,False,2025-12-28T08:44:15.995060
5000,Le contraire de grand est,semantic,0.000000,0.000000,-0.0000,False,2025-12-28T08:44:15.995065
5000,Chien est à chiot comme chat est à,analogy,0.000000,0.000000,0.0000,False,2025-12-28T08:44:15.995069
5000,Roi est à reine comme homme est à,analogy,0.000000,0.000000,0.0000,True,2025-12-28T08:44:15.995074
6000,2 + 2 =,arithmetic,0.000001,0.000010,-2.4600,False,2025-12-28T09:14:00.988564
6000,5 + 3 =,arithmetic,0.000000,0.000009,-2.9966,False,2025-12-28T09:14:00.988571
6000,La capitale de la France est,knowledge,0.000000,0.000000,0.0000,True,2025-12-28T09:14:00.988576
6000,Le soleil se lève à l',knowledge,0.995638,0.000000,23.0215,True,2025-12-28T09:14:00.988581
6000,Le contraire de chaud est,semantic,0.000000,0.000000,0.0000,False,2025-12-28T09:14:00.988586
6000,Le contraire de grand est,semantic,0.000000,0.000000,0.0000,False,2025-12-28T09:14:00.988591
6000,Chien est à chiot comme chat est à,analogy,0.000000,0.000000,0.0000,False,2025-12-28T09:14:00.988595
6000,Roi est à reine comme homme est à,analogy,0.000000,0.000000,0.0000,True,2025-12-28T09:14:00.988600
7000,2 + 2 =,arithmetic,0.000000,0.000000,0.0631,True,2025-12-28T09:43:42.180763
7000,5 + 3 =,arithmetic,0.000000,0.000000,-0.0363,False,2025-12-28T09:43:42.180771
7000,La capitale de la France est,knowledge,0.000000,0.000000,0.0000,True,2025-12-28T09:43:42.180776
7000,Le soleil se lève à l',knowledge,0.854352,0.000000,22.8684,True,2025-12-28T09:43:42.180780
7000,Le contraire de chaud est,semantic,0.000000,0.000000,0.0000,True,2025-12-28T09:43:42.180786
7000,Le contraire de grand est,semantic,0.000000,0.000000,0.0000,True,2025-12-28T09:43:42.180791
7000,Chien est à chiot comme chat est à,analogy,0.000000,0.000000,0.0000,False,2025-12-28T09:43:42.180795
7000,Roi est à reine comme homme est à,analogy,0.000000,0.000000,0.0000,True,2025-12-28T09:43:42.180800
8000,2 + 2 =,arithmetic,0.000007,0.000000,3.2313,True,2025-12-28T10:13:20.473843
8000,5 + 3 =,arithmetic,0.000000,0.000000,4.7160,True,2025-12-28T10:13:20.473851
8000,La capitale de la France est,knowledge,0.000000,0.000000,0.0000,True,2025-12-28T10:13:20.473855
8000,Le soleil se lève à l',knowledge,0.975793,0.000000,23.0013,True,2025-12-28T10:13:20.473860
8000,Le contraire de chaud est,semantic,0.000000,0.000000,-0.0000,False,2025-12-28T10:13:20.473865
8000,Le contraire de grand est,semantic,0.000000,0.000000,0.0000,True,2025-12-28T10:13:20.473870
8000,Chien est à chiot comme chat est à,analogy,0.000000,0.000000,0.0000,False,2025-12-28T10:13:20.473874
8000,Roi est à reine comme homme est à,analogy,0.000000,0.000000,0.0000,False,2025-12-28T10:13:20.473879
9000,2 + 2 =,arithmetic,0.000000,0.000000,1.4777,True,2025-12-28T10:43:02.044124
9000,5 + 3 =,arithmetic,0.000001,0.000001,-0.1771,False,2025-12-28T10:43:02.044132
9000,La capitale de la France est,knowledge,0.000000,0.000000,0.0000,True,2025-12-28T10:43:02.044137
9000,Le soleil se lève à l',knowledge,0.596095,0.000000,22.5085,True,2025-12-28T10:43:02.044141
9000,Le contraire de chaud est,semantic,0.000000,0.000000,-0.0000,False,2025-12-28T10:43:02.044147
9000,Le contraire de grand est,semantic,0.000000,0.000000,0.0000,True,2025-12-28T10:43:02.044152
9000,Chien est à chiot comme chat est à,analogy,0.000000,0.000000,0.0000,False,2025-12-28T10:43:02.044157
9000,Roi est à reine comme homme est à,analogy,0.000000,0.000000,0.0000,True,2025-12-28T10:43:02.044162
10000,2 + 2 =,arithmetic,0.000000,0.000000,-0.0000,False,2025-12-28T11:12:38.626146
10000,5 + 3 =,arithmetic,0.000000,0.000000,-0.0876,False,2025-12-28T11:12:38.626152
10000,La capitale de la France est,knowledge,0.000000,0.000000,0.0000,True,2025-12-28T11:12:38.626156
10000,Le soleil se lève à l',knowledge,0.964788,0.000000,22.9900,True,2025-12-28T11:12:38.626160
10000,Le contraire de chaud est,semantic,0.000000,0.000000,-0.0000,False,2025-12-28T11:12:38.626164
10000,Le contraire de grand est,semantic,0.000000,0.000000,0.0000,True,2025-12-28T11:12:38.626168
10000,Chien est à chiot comme chat est à,analogy,0.000000,0.000000,0.0000,False,2025-12-28T11:12:38.626172
10000,Roi est à reine comme homme est à,analogy,0.000000,0.000000,0.0000,True,2025-12-28T11:12:38.626175
11000,2 + 2 =,arithmetic,0.000000,0.000000,-0.0000,False,2025-12-28T11:42:18.612680
11000,5 + 3 =,arithmetic,0.000000,0.000000,-0.0354,False,2025-12-28T11:42:18.612687
11000,La capitale de la France est,knowledge,0.000000,0.000000,0.0000,True,2025-12-28T11:42:18.612691
11000,Le soleil se lève à l',knowledge,0.571613,0.000000,22.4666,True,2025-12-28T11:42:18.612696
11000,Le contraire de chaud est,semantic,0.000000,0.000000,0.0000,False,2025-12-28T11:42:18.612701
11000,Le contraire de grand est,semantic,0.000000,0.000000,0.0000,True,2025-12-28T11:42:18.612705
11000,Chien est à chiot comme chat est à,analogy,0.000000,0.000000,0.0000,False,2025-12-28T11:42:18.612710
11000,Roi est à reine comme homme est à,analogy,0.000000,0.000000,-0.0000,False,2025-12-28T11:42:18.612714
12000,2 + 2 =,arithmetic,0.000000,0.000000,-0.0011,False,2025-12-28T12:11:53.175026
12000,5 + 3 =,arithmetic,0.000000,0.000000,0.0055,True,2025-12-28T12:11:53.175035
12000,La capitale de la France est,knowledge,0.000000,0.000000,0.0000,True,2025-12-28T12:11:53.175041
12000,Le soleil se lève à l',knowledge,0.089112,0.000000,20.6080,True,2025-12-28T12:11:53.175047
12000,Le contraire de chaud est,semantic,0.000000,0.000000,-0.0000,False,2025-12-28T12:11:53.175055
12000,Le contraire de grand est,semantic,0.000000,0.000000,0.0000,True,2025-12-28T12:11:53.175061
12000,Chien est à chiot comme chat est à,analogy,0.000000,0.000000,0.0000,False,2025-12-28T12:11:53.175066
12000,Roi est à reine comme homme est à,analogy,0.000000,0.000000,0.0000,False,2025-12-28T12:11:53.175073
13000,2 + 2 =,arithmetic,0.000000,0.000000,-0.0000,False,2025-12-28T12:41:31.484328
13000,5 + 3 =,arithmetic,0.000000,0.000000,-0.0000,False,2025-12-28T12:41:31.484336
13000,La capitale de la France est,knowledge,0.000000,0.000000,0.0000,True,2025-12-28T12:41:31.484340
13000,Le soleil se lève à l',knowledge,0.943761,0.000000,22.9680,True,2025-12-28T12:41:31.484345
13000,Le contraire de chaud est,semantic,0.000000,0.000000,-0.0000,False,2025-12-28T12:41:31.484350
13000,Le contraire de grand est,semantic,0.000000,0.000000,0.0000,True,2025-12-28T12:41:31.484355
13000,Chien est à chiot comme chat est à,analogy,0.000000,0.000000,0.0000,False,2025-12-28T12:41:31.484359
13000,Roi est à reine comme homme est à,analogy,0.000000,0.000000,0.0000,True,2025-12-28T12:41:31.484364
14000,2 + 2 =,arithmetic,0.000000,0.000000,-1.2686,False,2025-12-28T13:11:15.592600
14000,5 + 3 =,arithmetic,0.000000,0.000000,0.0163,True,2025-12-28T13:11:15.592607
14000,La capitale de la France est,knowledge,0.000000,0.000000,0.0000,True,2025-12-28T13:11:15.592611
14000,Le soleil se lève à l',knowledge,0.001023,0.000000,16.1411,True,2025-12-28T13:11:15.592615
14000,Le contraire de chaud est,semantic,0.000000,0.000000,-0.0000,False,2025-12-28T13:11:15.592620
14000,Le contraire de grand est,semantic,0.000000,0.000000,0.0000,True,2025-12-28T13:11:15.592624
14000,Chien est à chiot comme chat est à,analogy,0.000000,0.000000,0.0000,False,2025-12-28T13:11:15.592627
14000,Roi est à reine comme homme est à,analogy,0.000000,0.000000,-0.0000,False,2025-12-28T13:11:15.592631
15000,2 + 2 =,arithmetic,0.000000,0.000000,-0.0296,False,2025-12-28T13:40:58.678124
15000,5 + 3 =,arithmetic,0.000000,0.000000,-0.6579,False,2025-12-28T13:40:58.678133
15000,La capitale de la France est,knowledge,0.000000,0.000000,0.0000,True,2025-12-28T13:40:58.678139
15000,Le soleil se lève à l',knowledge,0.006486,0.000000,17.9878,True,2025-12-28T13:40:58.678145
15000,Le contraire de chaud est,semantic,0.000000,0.000000,-0.0000,False,2025-12-28T13:40:58.678153
15000,Le contraire de grand est,semantic,0.000000,0.000000,0.0000,True,2025-12-28T13:40:58.678159
15000,Chien est à chiot comme chat est à,analogy,0.000000,0.000000,0.0000,False,2025-12-28T13:40:58.678165
15000,Roi est à reine comme homme est à,analogy,0.000000,0.000000,0.0000,True,2025-12-28T13:40:58.678171
16000,2 + 2 =,arithmetic,0.000000,0.000000,0.9426,False,2025-12-28T14:10:39.330969
16000,5 + 3 =,arithmetic,0.000000,0.000000,0.3839,True,2025-12-28T14:10:39.330976
16000,La capitale de la France est,knowledge,0.000000,0.000000,0.0000,True,2025-12-28T14:10:39.330981
16000,Le soleil se lève à l',knowledge,0.000000,0.000000,8.4534,True,2025-12-28T14:10:39.330985
16000,Le contraire de chaud est,semantic,0.000000,0.000000,-0.0000,False,2025-12-28T14:10:39.330991
16000,Le contraire de grand est,semantic,0.000000,0.000000,0.0000,False,2025-12-28T14:10:39.330996
16000,Chien est à chiot comme chat est à,analogy,0.000000,0.000000,0.0000,False,2025-12-28T14:10:39.331000
16000,Roi est à reine comme homme est à,analogy,0.000000,0.000000,0.0000,True,2025-12-28T14:10:39.331005
17000,2 + 2 =,arithmetic,0.000000,0.000000,0.0000,False,2025-12-28T14:40:24.060151
17000,5 + 3 =,arithmetic,0.000000,0.000000,-0.0000,False,2025-12-28T14:40:24.060159
17000,La capitale de la France est,knowledge,0.000000,0.000000,0.0000,True,2025-12-28T14:40:24.060163
17000,Le soleil se lève à l',knowledge,0.000000,0.000000,4.5400,True,2025-12-28T14:40:24.060168
17000,Le contraire de chaud est,semantic,0.000000,0.000000,-0.0000,False,2025-12-28T14:40:24.060173
17000,Le contraire de grand est,semantic,0.000000,0.000000,0.0000,False,2025-12-28T14:40:24.060178
17000,Chien est à chiot comme chat est à,analogy,0.000000,0.000000,0.0000,False,2025-12-28T14:40:24.060183
17000,Roi est à reine comme homme est à,analogy,0.000000,0.000000,-0.0000,False,2025-12-28T14:40:24.060187
18000,2 + 2 =,arithmetic,0.000000,0.000000,-4.6945,False,2025-12-28T15:10:11.873311
18000,5 + 3 =,arithmetic,0.000000,0.000000,-3.5841,False,2025-12-28T15:10:11.873319
18000,La capitale de la France est,knowledge,0.000000,0.000000,0.0000,True,2025-12-28T15:10:11.873326
18000,Le soleil se lève à l',knowledge,0.000000,0.000000,0.0676,True,2025-12-28T15:10:11.873332
18000,Le contraire de chaud est,semantic,0.000000,0.000000,-0.0000,False,2025-12-28T15:10:11.873340
18000,Le contraire de grand est,semantic,0.000000,0.000000,0.0000,True,2025-12-28T15:10:11.873346
18000,Chien est à chiot comme chat est à,analogy,0.000000,0.000000,0.0000,False,2025-12-28T15:10:11.873353
18000,Roi est à reine comme homme est à,analogy,0.000000,0.000000,0.0000,False,2025-12-28T15:10:11.873359
19000,2 + 2 =,arithmetic,0.000000,0.000001,-5.3965,False,2025-12-28T15:40:00.604009
19000,5 + 3 =,arithmetic,0.000000,0.000000,-3.6901,False,2025-12-28T15:40:00.604017
19000,La capitale de la France est,knowledge,0.000000,0.000000,0.0000,True,2025-12-28T15:40:00.604021
19000,Le soleil se lève à l',knowledge,0.000196,0.000000,14.4876,True,2025-12-28T15:40:00.604026
19000,Le contraire de chaud est,semantic,0.000000,0.000000,-0.0000,False,2025-12-28T15:40:00.604032
19000,Le contraire de grand est,semantic,0.000000,0.000000,0.0000,True,2025-12-28T15:40:00.604036
19000,Chien est à chiot comme chat est à,analogy,0.000000,0.000000,0.0000,False,2025-12-28T15:40:00.604040
19000,Roi est à reine comme homme est à,analogy,0.000000,0.000000,-0.0000,False,2025-12-28T15:40:00.604045
20000,2 + 2 =,arithmetic,0.000000,0.000000,-0.6986,False,2025-12-28T16:09:47.876530
20000,5 + 3 =,arithmetic,0.000000,0.000000,0.0016,True,2025-12-28T16:09:47.876537
20000,La capitale de la France est,knowledge,0.000000,0.000000,0.0000,True,2025-12-28T16:09:47.876542
20000,Le soleil se lève à l',knowledge,0.000000,0.000000,0.6478,True,2025-12-28T16:09:47.876546
20000,Le contraire de chaud est,semantic,0.000000,0.000000,-0.0000,False,2025-12-28T16:09:47.876552
20000,Le contraire de grand est,semantic,0.000000,0.000000,0.0000,True,2025-12-28T16:09:47.876556
20000,Chien est à chiot comme chat est à,analogy,0.000000,0.000000,0.0000,False,2025-12-28T16:09:47.876560
20000,Roi est à reine comme homme est à,analogy,0.000000,0.000000,0.0000,True,2025-12-28T16:09:47.876565
21000,2 + 2 =,arithmetic,0.000000,0.000000,0.0001,True,2025-12-28T16:39:27.684534
21000,5 + 3 =,arithmetic,0.000000,0.000000,-0.0000,False,2025-12-28T16:39:27.684542
21000,La capitale de la France est,knowledge,0.000000,0.000000,0.0000,True,2025-12-28T16:39:27.684547
21000,Le soleil se lève à l',knowledge,0.000000,0.000000,0.9115,True,2025-12-28T16:39:27.684552
21000,Le contraire de chaud est,semantic,0.000000,0.000000,-0.0000,False,2025-12-28T16:39:27.684557
21000,Le contraire de grand est,semantic,0.000000,0.000000,0.0000,True,2025-12-28T16:39:27.684562
21000,Chien est à chiot comme chat est à,analogy,0.000000,0.000000,0.0000,False,2025-12-28T16:39:27.684566
21000,Roi est à reine comme homme est à,analogy,0.000000,0.000000,0.0000,True,2025-12-28T16:39:27.684571
22000,2 + 2 =,arithmetic,0.000000,0.000000,2.5509,True,2025-12-28T17:09:10.058747
22000,5 + 3 =,arithmetic,0.000000,0.000000,-0.0000,False,2025-12-28T17:09:10.058755
22000,La capitale de la France est,knowledge,0.000000,0.000000,0.0000,True,2025-12-28T17:09:10.058759
22000,Le soleil se lève à l',knowledge,0.000000,0.000000,5.2154,True,2025-12-28T17:09:10.058765
22000,Le contraire de chaud est,semantic,0.000000,0.000000,-0.0000,False,2025-12-28T17:09:10.058771
22000,Le contraire de grand est,semantic,0.000000,0.000000,0.0000,True,2025-12-28T17:09:10.058775
22000,Chien est à chiot comme chat est à,analogy,0.000000,0.000000,0.0000,False,2025-12-28T17:09:10.058779
22000,Roi est à reine comme homme est à,analogy,0.000000,0.000000,0.0000,True,2025-12-28T17:09:10.058784
23000,2 + 2 =,arithmetic,0.000000,0.000041,-11.8740,False,2025-12-28T18:08:49.337999
23000,5 + 3 =,arithmetic,0.000000,0.000000,-5.0569,False,2025-12-28T18:08:49.338006
23000,La capitale de la France est,knowledge,0.000000,0.000000,0.0000,True,2025-12-28T18:08:49.338011
23000,Le soleil se lève à l',knowledge,0.000001,0.000000,8.8861,True,2025-12-28T18:08:49.338016
23000,Le contraire de chaud est,semantic,0.000000,0.000000,-0.0000,False,2025-12-28T18:08:49.338022
23000,Le contraire de grand est,semantic,0.000000,0.000000,0.0000,True,2025-12-28T18:08:49.338026
23000,Chien est à chiot comme chat est à,analogy,0.000000,0.000000,0.0000,False,2025-12-28T18:08:49.338031
23000,Roi est à reine comme homme est à,analogy,0.000000,0.000000,0.0000,False,2025-12-28T18:08:49.338035
24000,2 + 2 =,arithmetic,0.000000,0.000000,-6.8171,False,2025-12-28T19:43:32.566350
24000,5 + 3 =,arithmetic,0.000000,0.000000,1.0698,True,2025-12-28T19:43:32.566357
24000,La capitale de la France est,knowledge,0.000000,0.000000,0.0000,True,2025-12-28T19:43:32.566360
24000,Le soleil se lève à l',knowledge,0.000343,0.000000,15.0468,True,2025-12-28T19:43:32.566364
24000,Le contraire de chaud est,semantic,0.000000,0.000000,-0.0000,False,2025-12-28T19:43:32.566369
24000,Le contraire de grand est,semantic,0.000000,0.000000,0.0000,True,2025-12-28T19:43:32.566373
24000,Chien est à chiot comme chat est à,analogy,0.000000,0.000000,0.0000,False,2025-12-28T19:43:32.566376
24000,Roi est à reine comme homme est à,analogy,0.000000,0.000000,0.0000,True,2025-12-28T19:43:32.566380
25000,2 + 2 =,arithmetic,0.000000,0.000000,0.0404,False,2025-12-28T21:24:10.912546
25000,5 + 3 =,arithmetic,0.000000,0.000000,-0.8104,False,2025-12-28T21:24:10.912552
25000,La capitale de la France est,knowledge,0.000000,0.000000,0.0000,True,2025-12-28T21:24:10.912555
25000,Le soleil se lève à l',knowledge,0.000000,0.000000,6.9316,True,2025-12-28T21:24:10.912559
25000,Le contraire de chaud est,semantic,0.000000,0.000000,-0.0000,False,2025-12-28T21:24:10.912564
25000,Le contraire de grand est,semantic,0.000000,0.000000,0.0000,True,2025-12-28T21:24:10.912567
25000,Chien est à chiot comme chat est à,analogy,0.000000,0.000000,-0.0000,False,2025-12-28T21:24:10.912571
25000,Roi est à reine comme homme est à,analogy,0.000000,0.000000,0.0000,True,2025-12-28T21:24:10.912575
26000,2 + 2 =,arithmetic,0.000000,0.000000,-0.1411,False,2025-12-28T23:04:46.286144
26000,5 + 3 =,arithmetic,0.000000,0.000000,-0.0000,False,2025-12-28T23:04:46.286152
26000,La capitale de la France est,knowledge,0.000000,0.000000,0.0000,True,2025-12-28T23:04:46.286157
26000,Le soleil se lève à l',knowledge,0.665169,0.000000,22.6181,True,2025-12-28T23:04:46.286163
26000,Le contraire de chaud est,semantic,0.000000,0.000000,-0.0000,False,2025-12-28T23:04:46.286168
26000,Le contraire de grand est,semantic,0.000000,0.000000,0.0000,True,2025-12-28T23:04:46.286173
26000,Chien est à chiot comme chat est à,analogy,0.000000,0.000000,0.0000,False,2025-12-28T23:04:46.286177
26000,Roi est à reine comme homme est à,analogy,0.000000,0.000000,0.0000,True,2025-12-28T23:04:46.286182
27000,2 + 2 =,arithmetic,0.000000,0.000000,-1.8941,False,2025-12-29T00:40:08.744369
27000,5 + 3 =,arithmetic,0.000000,0.000000,-1.4860,False,2025-12-29T00:40:08.744377
27000,La capitale de la France est,knowledge,0.000000,0.000000,0.0000,True,2025-12-29T00:40:08.744381
27000,Le soleil se lève à l',knowledge,0.189152,0.000000,21.3606,True,2025-12-29T00:40:08.744386
27000,Le contraire de chaud est,semantic,0.000000,0.000000,-0.0000,False,2025-12-29T00:40:08.744392
27000,Le contraire de grand est,semantic,0.000000,0.000000,0.0000,True,2025-12-29T00:40:08.744396
27000,Chien est à chiot comme chat est à,analogy,0.000000,0.000000,0.0000,False,2025-12-29T00:40:08.744400
27000,Roi est à reine comme homme est à,analogy,0.000000,0.000000,0.0000,False,2025-12-29T00:40:08.744405
28000,2 + 2 =,arithmetic,0.000000,0.000000,-0.0000,False,2025-12-29T02:13:27.329510
28000,5 + 3 =,arithmetic,0.000000,0.000000,-0.0000,False,2025-12-29T02:13:27.329516
28000,La capitale de la France est,knowledge,0.000000,0.000000,0.0000,True,2025-12-29T02:13:27.329520
28000,Le soleil se lève à l',knowledge,0.000000,0.000000,0.0000,True,2025-12-29T02:13:27.329524
28000,Le contraire de chaud est,semantic,0.000000,0.000000,0.0000,False,2025-12-29T02:13:27.329528
28000,Le contraire de grand est,semantic,0.000000,0.000000,0.0000,False,2025-12-29T02:13:27.329532
28000,Chien est à chiot comme chat est à,analogy,0.000000,0.000000,0.0000,False,2025-12-29T02:13:27.329535
28000,Roi est à reine comme homme est à,analogy,0.000000,0.000000,0.0000,False,2025-12-29T02:13:27.329539
29000,2 + 2 =,arithmetic,0.000000,0.000000,0.0002,False,2025-12-29T03:47:27.378328
29000,5 + 3 =,arithmetic,0.000000,0.000000,-0.0000,False,2025-12-29T03:47:27.378336
29000,La capitale de la France est,knowledge,0.000000,0.000000,0.0000,True,2025-12-29T03:47:27.378340
29000,Le soleil se lève à l',knowledge,0.931870,0.000000,22.9553,True,2025-12-29T03:47:27.378345
29000,Le contraire de chaud est,semantic,0.000000,0.000000,-0.0000,False,2025-12-29T03:47:27.378351
29000,Le contraire de grand est,semantic,0.000000,0.000000,0.0000,True,2025-12-29T03:47:27.378355
29000,Chien est à chiot comme chat est à,analogy,0.000000,0.000000,0.0000,False,2025-12-29T03:47:27.378359
29000,Roi est à reine comme homme est à,analogy,0.000000,0.000000,0.0000,False,2025-12-29T03:47:27.378364
30000,2 + 2 =,arithmetic,0.000000,0.000000,0.7045,False,2025-12-29T05:21:12.281654
30000,5 + 3 =,arithmetic,0.000000,0.000000,0.0000,False,2025-12-29T05:21:12.281661
30000,La capitale de la France est,knowledge,0.000000,0.000000,0.0000,True,2025-12-29T05:21:12.281666
30000,Le soleil se lève à l',knowledge,0.000029,0.000000,12.5742,True,2025-12-29T05:21:12.281670
30000,Le contraire de chaud est,semantic,0.000000,0.000000,-0.0000,False,2025-12-29T05:21:12.281676
30000,Le contraire de grand est,semantic,0.000000,0.000000,0.0000,True,2025-12-29T05:21:12.281680
30000,Chien est à chiot comme chat est à,analogy,0.000000,0.000000,0.0000,False,2025-12-29T05:21:12.281684
30000,Roi est à reine comme homme est à,analogy,0.000000,0.000000,0.0000,True,2025-12-29T05:21:12.281689
31000,2 + 2 =,arithmetic,0.000000,0.000000,-0.0018,False,2025-12-29T06:55:00.045178
31000,5 + 3 =,arithmetic,0.000000,0.000000,-0.0007,False,2025-12-29T06:55:00.045186
31000,La capitale de la France est,knowledge,0.000000,0.000000,0.0000,True,2025-12-29T06:55:00.045191
31000,Le soleil se lève à l',knowledge,0.000000,0.000000,7.5934,True,2025-12-29T06:55:00.045196
31000,Le contraire de chaud est,semantic,0.000000,0.000000,-0.0000,False,2025-12-29T06:55:00.045201
31000,Le contraire de grand est,semantic,0.000000,0.000000,0.0000,True,2025-12-29T06:55:00.045206
31000,Chien est à chiot comme chat est à,analogy,0.000000,0.000000,0.0000,False,2025-12-29T06:55:00.045210
31000,Roi est à reine comme homme est à,analogy,0.000000,0.000000,0.0000,False,2025-12-29T06:55:00.045214
32000,2 + 2 =,arithmetic,0.000000,0.000000,-0.0248,False,2025-12-29T08:30:13.492219
32000,5 + 3 =,arithmetic,0.000000,0.000000,-0.0006,False,2025-12-29T08:30:13.492225
32000,La capitale de la France est,knowledge,0.000000,0.000000,0.0000,True,2025-12-29T08:30:13.492229
32000,Le soleil se lève à l',knowledge,0.000081,0.000000,13.6034,True,2025-12-29T08:30:13.492233
32000,Le contraire de chaud est,semantic,0.000000,0.000000,-0.0000,False,2025-12-29T08:30:13.492237
32000,Le contraire de grand est,semantic,0.000000,0.000000,0.0000,True,2025-12-29T08:30:13.492241
32000,Chien est à chiot comme chat est à,analogy,0.000000,0.000000,0.0000,False,2025-12-29T08:30:13.492244
32000,Roi est à reine comme homme est à,analogy,0.000000,0.000000,0.0000,True,2025-12-29T08:30:13.492248
33000,2 + 2 =,arithmetic,0.000000,0.000000,-0.0010,False,2025-12-29T10:02:47.996083
33000,5 + 3 =,arithmetic,0.000000,0.000000,-0.0000,False,2025-12-29T10:02:47.996090
33000,La capitale de la France est,knowledge,0.000000,0.000000,0.0000,True,2025-12-29T10:02:47.996094
33000,Le soleil se lève à l',knowledge,0.699050,0.000000,22.6678,True,2025-12-29T10:02:47.996099
33000,Le contraire de chaud est,semantic,0.000000,0.000000,-0.0000,False,2025-12-29T10:02:47.996104
33000,Le contraire de grand est,semantic,0.000000,0.000000,0.0000,True,2025-12-29T10:02:47.996108
33000,Chien est à chiot comme chat est à,analogy,0.000000,0.000000,0.0000,False,2025-12-29T10:02:47.996113
33000,Roi est à reine comme homme est à,analogy,0.000000,0.000000,0.0000,True,2025-12-29T10:02:47.996118
34000,2 + 2 =,arithmetic,0.000000,0.000000,-0.0009,False,2025-12-29T11:35:07.237984
34000,5 + 3 =,arithmetic,0.000000,0.000000,-0.0000,False,2025-12-29T11:35:07.237992
34000,La capitale de la France est,knowledge,0.000000,0.000000,0.0000,True,2025-12-29T11:35:07.237996
34000,Le soleil se lève à l',knowledge,0.000000,0.000000,6.6035,True,2025-12-29T11:35:07.238001
34000,Le contraire de chaud est,semantic,0.000000,0.000000,-0.0000,False,2025-12-29T11:35:07.238006
34000,Le contraire de grand est,semantic,0.000000,0.000000,0.0000,True,2025-12-29T11:35:07.238011
34000,Chien est à chiot comme chat est à,analogy,0.000000,0.000000,0.0000,False,2025-12-29T11:35:07.238015
34000,Roi est à reine comme homme est à,analogy,0.000000,0.000000,0.0000,True,2025-12-29T11:35:07.238019
35000,2 + 2 =,arithmetic,0.000000,0.000000,-3.5250,False,2025-12-29T13:06:21.547585
35000,5 + 3 =,arithmetic,0.000000,0.000000,0.1302,True,2025-12-29T13:06:21.547592
35000,La capitale de la France est,knowledge,0.000000,0.000000,0.0000,True,2025-12-29T13:06:21.547597
35000,Le soleil se lève à l',knowledge,0.007616,0.000000,18.1483,True,2025-12-29T13:06:21.547601
35000,Le contraire de chaud est,semantic,0.000000,0.000000,-0.0000,False,2025-12-29T13:06:21.547607
35000,Le contraire de grand est,semantic,0.000000,0.000000,0.0000,True,2025-12-29T13:06:21.547611
35000,Chien est à chiot comme chat est à,analogy,0.000000,0.000000,0.0000,False,2025-12-29T13:06:21.547616
35000,Roi est à reine comme homme est à,analogy,0.000000,0.000000,-0.0000,False,2025-12-29T13:06:21.547620
36000,2 + 2 =,arithmetic,0.000000,0.000000,-0.0000,False,2025-12-29T14:41:57.984261
36000,5 + 3 =,arithmetic,0.000000,0.000000,-0.0000,False,2025-12-29T14:41:57.984267
36000,La capitale de la France est,knowledge,0.000000,0.000000,0.0000,True,2025-12-29T14:41:57.984271
36000,Le soleil se lève à l',knowledge,0.000002,0.000000,9.6547,True,2025-12-29T14:41:57.984275
36000,Le contraire de chaud est,semantic,0.000000,0.000000,-0.0000,False,2025-12-29T14:41:57.984280
36000,Le contraire de grand est,semantic,0.000000,0.000000,0.0000,True,2025-12-29T14:41:57.984283
36000,Chien est à chiot comme chat est à,analogy,0.000000,0.000000,0.0000,False,2025-12-29T14:41:57.984287
36000,Roi est à reine comme homme est à,analogy,0.000000,0.000000,0.0000,False,2025-12-29T14:41:57.984291
37000,2 + 2 =,arithmetic,0.000000,0.000000,-0.0001,False,2025-12-29T16:18:29.230996
37000,5 + 3 =,arithmetic,0.000000,0.000000,-0.0000,False,2025-12-29T16:18:29.231003
37000,La capitale de la France est,knowledge,0.000000,0.000000,0.0000,True,2025-12-29T16:18:29.231008
37000,Le soleil se lève à l',knowledge,0.943972,0.000000,22.9682,True,2025-12-29T16:18:29.231013
37000,Le contraire de chaud est,semantic,0.000000,0.000000,-0.0000,False,2025-12-29T16:18:29.231019
37000,Le contraire de grand est,semantic,0.000000,0.000000,0.0000,True,2025-12-29T16:18:29.231023
37000,Chien est à chiot comme chat est à,analogy,0.000000,0.000000,0.0000,False,2025-12-29T16:18:29.231027
37000,Roi est à reine comme homme est à,analogy,0.000000,0.000000,0.0000,True,2025-12-29T16:18:29.231032
38000,2 + 2 =,arithmetic,0.000000,0.000000,-0.0018,False,2025-12-29T17:54:50.872698
38000,5 + 3 =,arithmetic,0.000000,0.000000,-0.0000,False,2025-12-29T17:54:50.872706
38000,La capitale de la France est,knowledge,0.000000,0.000000,0.0000,True,2025-12-29T17:54:50.872710
38000,Le soleil se lève à l',knowledge,0.000003,0.000000,10.4331,True,2025-12-29T17:54:50.872716
38000,Le contraire de chaud est,semantic,0.000000,0.000000,-0.0000,False,2025-12-29T17:54:50.872721
38000,Le contraire de grand est,semantic,0.000000,0.000000,0.0000,True,2025-12-29T17:54:50.872726
38000,Chien est à chiot comme chat est à,analogy,0.000000,0.000000,0.0000,False,2025-12-29T17:54:50.872730
38000,Roi est à reine comme homme est à,analogy,0.000000,0.000000,0.0000,False,2025-12-29T17:54:50.872735
39000,2 + 2 =,arithmetic,0.000000,0.000000,-0.0213,False,2025-12-29T19:35:54.448903
39000,5 + 3 =,arithmetic,0.000000,0.000000,0.0003,True,2025-12-29T19:35:54.448909
39000,La capitale de la France est,knowledge,0.000000,0.000000,0.0000,True,2025-12-29T19:35:54.448914
39000,Le soleil se lève à l',knowledge,0.000000,0.000000,4.1141,True,2025-12-29T19:35:54.448918
39000,Le contraire de chaud est,semantic,0.000000,0.000000,-0.0000,False,2025-12-29T19:35:54.448924
39000,Le contraire de grand est,semantic,0.000000,0.000000,0.0000,True,2025-12-29T19:35:54.448928
39000,Chien est à chiot comme chat est à,analogy,0.000000,0.000000,0.0000,False,2025-12-29T19:35:54.448932
39000,Roi est à reine comme homme est à,analogy,0.000000,0.000000,0.0000,True,2025-12-29T19:35:54.448937
40000,2 + 2 =,arithmetic,0.000000,0.000000,-0.0016,False,2025-12-29T21:17:26.885939
40000,5 + 3 =,arithmetic,0.000000,0.000000,-0.0004,False,2025-12-29T21:17:26.885946
40000,La capitale de la France est,knowledge,0.000000,0.000000,0.0000,True,2025-12-29T21:17:26.885951
40000,Le soleil se lève à l',knowledge,0.000000,0.000000,0.3872,True,2025-12-29T21:17:26.885955
40000,Le contraire de chaud est,semantic,0.000000,0.000000,-0.0000,False,2025-12-29T21:17:26.885960
40000,Le contraire de grand est,semantic,0.000000,0.000000,0.0000,True,2025-12-29T21:17:26.885965
40000,Chien est à chiot comme chat est à,analogy,0.000000,0.000000,0.0000,False,2025-12-29T21:17:26.885969
40000,Roi est à reine comme homme est à,analogy,0.000000,0.000000,0.0000,True,2025-12-29T21:17:26.885974
41000,2 + 2 =,arithmetic,0.000000,0.000000,-0.0199,False,2025-12-29T22:59:10.154517
41000,5 + 3 =,arithmetic,0.000000,0.000000,-0.0001,False,2025-12-29T22:59:10.154523
41000,La capitale de la France est,knowledge,0.000000,0.000000,0.0004,True,2025-12-29T22:59:10.154527
41000,Le soleil se lève à l',knowledge,0.000000,0.000000,5.7042,True,2025-12-29T22:59:10.154531
41000,Le contraire de chaud est,semantic,0.000000,0.000000,-0.0000,False,2025-12-29T22:59:10.154535
41000,Le contraire de grand est,semantic,0.000000,0.000000,0.0000,True,2025-12-29T22:59:10.154539
41000,Chien est à chiot comme chat est à,analogy,0.000000,0.000000,0.0000,False,2025-12-29T22:59:10.154543
41000,Roi est à reine comme homme est à,analogy,0.000000,0.000000,0.0000,True,2025-12-29T22:59:10.154546
42000,2 + 2 =,arithmetic,0.000000,0.000000,-0.0012,False,2025-12-30T00:42:23.359644
42000,5 + 3 =,arithmetic,0.000000,0.000000,-0.0000,False,2025-12-30T00:42:23.359651
42000,La capitale de la France est,knowledge,0.000000,0.000000,0.0000,True,2025-12-30T00:42:23.359655
42000,Le soleil se lève à l',knowledge,0.000000,0.000000,5.6000,True,2025-12-30T00:42:23.359660
42000,Le contraire de chaud est,semantic,0.000000,0.000000,-0.0000,False,2025-12-30T00:42:23.359666
42000,Le contraire de grand est,semantic,0.000000,0.000000,0.0000,True,2025-12-30T00:42:23.359670
42000,Chien est à chiot comme chat est à,analogy,0.000000,0.000000,0.0000,False,2025-12-30T00:42:23.359674
42000,Roi est à reine comme homme est à,analogy,0.000000,0.000000,0.0000,True,2025-12-30T00:42:23.359679
43000,2 + 2 =,arithmetic,0.000000,0.000000,-0.0398,False,2025-12-30T02:22:29.213105
43000,5 + 3 =,arithmetic,0.000000,0.000000,-0.0001,False,2025-12-30T02:22:29.213113
43000,La capitale de la France est,knowledge,0.000000,0.000000,0.0000,True,2025-12-30T02:22:29.213118
43000,Le soleil se lève à l',knowledge,0.002055,0.000000,16.8381,True,2025-12-30T02:22:29.213123
43000,Le contraire de chaud est,semantic,0.000000,0.000000,-0.0000,False,2025-12-30T02:22:29.213128
43000,Le contraire de grand est,semantic,0.000000,0.000000,0.0000,True,2025-12-30T02:22:29.213133
43000,Chien est à chiot comme chat est à,analogy,0.000000,0.000000,0.0000,False,2025-12-30T02:22:29.213137
43000,Roi est à reine comme homme est à,analogy,0.000000,0.000000,0.0000,True,2025-12-30T02:22:29.213142
44000,2 + 2 =,arithmetic,0.000000,0.000000,-0.0000,False,2025-12-30T03:59:18.510027
44000,5 + 3 =,arithmetic,0.000000,0.000000,-0.0000,False,2025-12-30T03:59:18.510034
44000,La capitale de la France est,knowledge,0.000000,0.000000,0.0000,True,2025-12-30T03:59:18.510039
44000,Le soleil se lève à l',knowledge,0.000000,0.000000,2.2760,True,2025-12-30T03:59:18.510044
44000,Le contraire de chaud est,semantic,0.000000,0.000000,-0.0000,False,2025-12-30T03:59:18.510049
44000,Le contraire de grand est,semantic,0.000000,0.000000,0.0000,True,2025-12-30T03:59:18.510053
44000,Chien est à chiot comme chat est à,analogy,0.000000,0.000000,0.0000,False,2025-12-30T03:59:18.510057
44000,Roi est à reine comme homme est à,analogy,0.000000,0.000000,0.0000,False,2025-12-30T03:59:18.510062
45000,2 + 2 =,arithmetic,0.000000,0.000000,-0.0000,False,2025-12-30T05:38:00.880229
45000,5 + 3 =,arithmetic,0.000000,0.000000,-0.0000,False,2025-12-30T05:38:00.880237
45000,La capitale de la France est,knowledge,0.000000,0.000000,0.0000,True,2025-12-30T05:38:00.880241
45000,Le soleil se lève à l',knowledge,0.000003,0.000000,10.2133,True,2025-12-30T05:38:00.880246
45000,Le contraire de chaud est,semantic,0.000000,0.000000,-0.0000,False,2025-12-30T05:38:00.880252
45000,Le contraire de grand est,semantic,0.000000,0.000000,0.0000,True,2025-12-30T05:38:00.880256
45000,Chien est à chiot comme chat est à,analogy,0.000000,0.000000,0.0000,False,2025-12-30T05:38:00.880260
45000,Roi est à reine comme homme est à,analogy,0.000000,0.000000,0.0000,True,2025-12-30T05:38:00.880265
46000,2 + 2 =,arithmetic,0.000000,0.000000,-0.0001,False,2025-12-30T07:19:40.534356
46000,5 + 3 =,arithmetic,0.000000,0.000000,-0.0000,False,2025-12-30T07:19:40.534364
46000,La capitale de la France est,knowledge,0.000000,0.000000,0.0000,True,2025-12-30T07:19:40.534368
46000,Le soleil se lève à l',knowledge,0.000000,0.000000,6.2000,True,2025-12-30T07:19:40.534373
46000,Le contraire de chaud est,semantic,0.000000,0.000000,-0.0000,False,2025-12-30T07:19:40.534379
46000,Le contraire de grand est,semantic,0.000000,0.000000,0.0000,True,2025-12-30T07:19:40.534383
46000,Chien est à chiot comme chat est à,analogy,0.000000,0.000000,0.0000,False,2025-12-30T07:19:40.534387
46000,Roi est à reine comme homme est à,analogy,0.000000,0.000000,0.0000,True,2025-12-30T07:19:40.534392
47000,2 + 2 =,arithmetic,0.000000,0.000000,-0.0001,False,2025-12-30T08:59:18.223812
47000,5 + 3 =,arithmetic,0.000000,0.000000,-0.0000,False,2025-12-30T08:59:18.223818
47000,La capitale de la France est,knowledge,0.000000,0.000000,0.0000,True,2025-12-30T08:59:18.223822
47000,Le soleil se lève à l',knowledge,0.000000,0.000000,7.3950,True,2025-12-30T08:59:18.223826
47000,Le contraire de chaud est,semantic,0.000000,0.000000,-0.0000,False,2025-12-30T08:59:18.223831
47000,Le contraire de grand est,semantic,0.000000,0.000000,0.0000,True,2025-12-30T08:59:18.223834
47000,Chien est à chiot comme chat est à,analogy,0.000000,0.000000,0.0000,False,2025-12-30T08:59:18.223838
47000,Roi est à reine comme homme est à,analogy,0.000000,0.000000,0.0000,True,2025-12-30T08:59:18.223842
48000,2 + 2 =,arithmetic,0.000000,0.000000,-0.0011,False,2025-12-30T10:41:34.390396
48000,5 + 3 =,arithmetic,0.000000,0.000000,-0.0000,False,2025-12-30T10:41:34.390403
48000,La capitale de la France est,knowledge,0.000000,0.000000,0.0000,True,2025-12-30T10:41:34.390407
48000,Le soleil se lève à l',knowledge,0.000000,0.000000,6.4040,True,2025-12-30T10:41:34.390412
48000,Le contraire de chaud est,semantic,0.000000,0.000000,-0.0000,False,2025-12-30T10:41:34.390417
48000,Le contraire de grand est,semantic,0.000000,0.000000,0.0000,True,2025-12-30T10:41:34.390421
48000,Chien est à chiot comme chat est à,analogy,0.000000,0.000000,0.0000,False,2025-12-30T10:41:34.390426
48000,Roi est à reine comme homme est à,analogy,0.000000,0.000000,-0.0000,False,2025-12-30T10:41:34.390430
49000,2 + 2 =,arithmetic,0.000000,0.000000,0.0095,True,2025-12-30T12:22:54.601968
49000,5 + 3 =,arithmetic,0.000000,0.000000,-0.0000,False,2025-12-30T12:22:54.601975
49000,La capitale de la France est,knowledge,0.000000,0.000000,0.0000,True,2025-12-30T12:22:54.601980
49000,Le soleil se lève à l',knowledge,0.000000,0.000000,3.9407,True,2025-12-30T12:22:54.601985
49000,Le contraire de chaud est,semantic,0.000000,0.000000,-0.0000,False,2025-12-30T12:22:54.601990
49000,Le contraire de grand est,semantic,0.000000,0.000000,0.0000,True,2025-12-30T12:22:54.601995
49000,Chien est à chiot comme chat est à,analogy,0.000000,0.000000,0.0000,False,2025-12-30T12:22:54.601999
49000,Roi est à reine comme homme est à,analogy,0.000000,0.000000,-0.0000,False,2025-12-30T12:22:54.602004
50000,2 + 2 =,arithmetic,0.000000,0.000000,-0.0004,False,2025-12-30T14:02:26.865197
50000,5 + 3 =,arithmetic,0.000000,0.000000,-0.0000,False,2025-12-30T14:02:26.865204
50000,La capitale de la France est,knowledge,0.000000,0.000000,0.0000,True,2025-12-30T14:02:26.865208
50000,Le soleil se lève à l',knowledge,0.000000,0.000000,7.3789,True,2025-12-30T14:02:26.865212
50000,Le contraire de chaud est,semantic,0.000000,0.000000,-0.0000,False,2025-12-30T14:02:26.865216
50000,Le contraire de grand est,semantic,0.000000,0.000000,0.0000,True,2025-12-30T14:02:26.865220
50000,Chien est à chiot comme chat est à,analogy,0.000000,0.000000,0.0000,False,2025-12-30T14:02:26.865223
50000,Roi est à reine comme homme est à,analogy,0.000000,0.000000,0.0000,False,2025-12-30T14:02:26.865227
51000,2 + 2 =,arithmetic,0.000000,0.000000,-0.0012,False,2025-12-30T15:40:33.673313
51000,5 + 3 =,arithmetic,0.000000,0.000000,0.0044,True,2025-12-30T15:40:33.673319
51000,La capitale de la France est,knowledge,0.000000,0.000000,0.0000,True,2025-12-30T15:40:33.673323
51000,Le soleil se lève à l',knowledge,0.000002,0.000000,9.9533,True,2025-12-30T15:40:33.673327
51000,Le contraire de chaud est,semantic,0.000000,0.000000,-0.0000,False,2025-12-30T15:40:33.673332
51000,Le contraire de grand est,semantic,0.000000,0.000000,0.0000,True,2025-12-30T15:40:33.673336
51000,Chien est à chiot comme chat est à,analogy,0.000000,0.000000,0.0000,False,2025-12-30T15:40:33.673339
51000,Roi est à reine comme homme est à,analogy,0.000000,0.000000,0.0000,True,2025-12-30T15:40:33.673343
52000,2 + 2 =,arithmetic,0.000000,0.000000,-0.0128,False,2025-12-30T17:17:40.738180
52000,5 + 3 =,arithmetic,0.000000,0.000000,-0.0003,False,2025-12-30T17:17:40.738186
52000,La capitale de la France est,knowledge,0.000000,0.000000,0.0000,True,2025-12-30T17:17:40.738190
52000,Le soleil se lève à l',knowledge,0.000022,0.000000,12.2830,True,2025-12-30T17:17:40.738194
52000,Le contraire de chaud est,semantic,0.000000,0.000000,-0.0000,False,2025-12-30T17:17:40.738199
52000,Le contraire de grand est,semantic,0.000000,0.000000,0.0000,True,2025-12-30T17:17:40.738203
52000,Chien est à chiot comme chat est à,analogy,0.000000,0.000000,0.0000,False,2025-12-30T17:17:40.738206
52000,Roi est à reine comme homme est à,analogy,0.000000,0.000000,-0.0000,False,2025-12-30T17:17:40.738210
53000,2 + 2 =,arithmetic,0.000000,0.333333,-21.9272,False,2025-12-30T18:55:11.849699
53000,5 + 3 =,arithmetic,0.000000,0.000000,0.0000,True,2025-12-30T18:55:11.849706
53000,La capitale de la France est,knowledge,0.000000,0.000000,0.0000,True,2025-12-30T18:55:11.849710
53000,Le soleil se lève à l',knowledge,0.000000,0.000000,0.0989,True,2025-12-30T18:55:11.849715
53000,Le contraire de chaud est,semantic,0.000000,0.000000,0.0000,False,2025-12-30T18:55:11.849720
53000,Le contraire de grand est,semantic,0.000000,0.000000,0.0000,True,2025-12-30T18:55:11.849724
53000,Chien est à chiot comme chat est à,analogy,0.000000,0.000000,0.0000,False,2025-12-30T18:55:11.849729
53000,Roi est à reine comme homme est à,analogy,0.000000,0.000000,0.0000,True,2025-12-30T18:55:11.849733
54000,2 + 2 =,arithmetic,0.000000,0.000000,-2.8412,False,2025-12-30T20:38:10.751926
54000,5 + 3 =,arithmetic,0.000000,0.000000,0.0000,False,2025-12-30T20:38:10.751936
54000,La capitale de la France est,knowledge,0.000000,0.000000,0.0000,True,2025-12-30T20:38:10.751941
54000,Le soleil se lève à l',knowledge,0.000000,0.000000,4.2695,True,2025-12-30T20:38:10.751945
54000,Le contraire de chaud est,semantic,0.000000,0.000000,-0.0000,False,2025-12-30T20:38:10.751950
54000,Le contraire de grand est,semantic,0.000000,0.000000,0.0000,True,2025-12-30T20:38:10.751955
54000,Chien est à chiot comme chat est à,analogy,0.000000,0.000000,0.0000,False,2025-12-30T20:38:10.751959
54000,Roi est à reine comme homme est à,analogy,0.000000,0.000000,0.0000,True,2025-12-30T20:38:10.751964
55000,2 + 2 =,arithmetic,0.000000,0.000000,-0.5109,False,2025-12-30T22:22:41.071836
55000,5 + 3 =,arithmetic,0.000000,0.000000,0.0000,False,2025-12-30T22:22:41.071842
55000,La capitale de la France est,knowledge,0.000000,0.000000,0.0000,True,2025-12-30T22:22:41.071846
55000,Le soleil se lève à l',knowledge,0.000000,0.000000,8.1584,True,2025-12-30T22:22:41.071850
55000,Le contraire de chaud est,semantic,0.000000,0.000000,-0.0000,False,2025-12-30T22:22:41.071855
55000,Le contraire de grand est,semantic,0.000000,0.000000,0.0000,True,2025-12-30T22:22:41.071859
55000,Chien est à chiot comme chat est à,analogy,0.000000,0.000000,0.0000,False,2025-12-30T22:22:41.071862
55000,Roi est à reine comme homme est à,analogy,0.000000,0.000000,0.0000,True,2025-12-30T22:22:41.071866
56000,2 + 2 =,arithmetic,0.000000,0.000000,-0.0000,False,2025-12-31T00:05:47.222471
56000,5 + 3 =,arithmetic,0.000000,0.000000,-0.0000,False,2025-12-31T00:05:47.222478
56000,La capitale de la France est,knowledge,0.000000,0.000000,0.0000,True,2025-12-31T00:05:47.222483
56000,Le soleil se lève à l',knowledge,0.000003,0.000000,10.2167,True,2025-12-31T00:05:47.222488
56000,Le contraire de chaud est,semantic,0.000000,0.000000,-0.0000,False,2025-12-31T00:05:47.222493
56000,Le contraire de grand est,semantic,0.000000,0.000000,0.0000,True,2025-12-31T00:05:47.222498
56000,Chien est à chiot comme chat est à,analogy,0.000000,0.000000,0.0000,False,2025-12-31T00:05:47.222502
56000,Roi est à reine comme homme est à,analogy,0.000000,0.000000,0.0000,False,2025-12-31T00:05:47.222506
57000,2 + 2 =,arithmetic,0.000000,0.000000,-0.0007,False,2025-12-31T01:47:31.081180
57000,5 + 3 =,arithmetic,0.000000,0.000000,-0.0000,False,2025-12-31T01:47:31.081188
57000,La capitale de la France est,knowledge,0.000000,0.000000,0.0000,True,2025-12-31T01:47:31.081192
57000,Le soleil se lève à l',knowledge,0.000000,0.000000,5.1061,True,2025-12-31T01:47:31.081197
57000,Le contraire de chaud est,semantic,0.000000,0.000000,0.0000,False,2025-12-31T01:47:31.081202
57000,Le contraire de grand est,semantic,0.000000,0.000000,0.0000,True,2025-12-31T01:47:31.081206
57000,Chien est à chiot comme chat est à,analogy,0.000000,0.000000,0.0000,False,2025-12-31T01:47:31.081210
57000,Roi est à reine comme homme est à,analogy,0.000000,0.000000,0.0000,True,2025-12-31T01:47:31.081215
58000,2 + 2 =,arithmetic,0.000000,0.000000,-0.0007,False,2025-12-31T03:27:25.205579
58000,5 + 3 =,arithmetic,0.000000,0.000000,-0.0000,False,2025-12-31T03:27:25.205587
58000,La capitale de la France est,knowledge,0.000000,0.000000,0.0000,True,2025-12-31T03:27:25.205591
58000,Le soleil se lève à l',knowledge,0.000485,0.000000,15.3937,True,2025-12-31T03:27:25.205596
58000,Le contraire de chaud est,semantic,0.000000,0.000000,-0.0000,False,2025-12-31T03:27:25.205601
58000,Le contraire de grand est,semantic,0.000000,0.000000,0.0000,True,2025-12-31T03:27:25.205605
58000,Chien est à chiot comme chat est à,analogy,0.000000,0.000000,0.0000,False,2025-12-31T03:27:25.205610
58000,Roi est à reine comme homme est à,analogy,0.000000,0.000000,0.0000,True,2025-12-31T03:27:25.205614
59000,2 + 2 =,arithmetic,0.000000,0.000000,0.0000,False,2025-12-31T05:07:46.776458
59000,5 + 3 =,arithmetic,0.000000,0.000000,0.0000,True,2025-12-31T05:07:46.776466
59000,La capitale de la France est,knowledge,0.000000,0.000000,0.0000,True,2025-12-31T05:07:46.776470
59000,Le soleil se lève à l',knowledge,0.000000,0.000000,6.9952,True,2025-12-31T05:07:46.776475
59000,Le contraire de chaud est,semantic,0.000000,0.000000,-0.0000,False,2025-12-31T05:07:46.776481
59000,Le contraire de grand est,semantic,0.000000,0.000000,0.0000,True,2025-12-31T05:07:46.776486
59000,Chien est à chiot comme chat est à,analogy,0.000000,0.000000,0.0000,False,2025-12-31T05:07:46.776490
59000,Roi est à reine comme homme est à,analogy,0.000000,0.000000,0.0000,True,2025-12-31T05:07:46.776495
60000,2 + 2 =,arithmetic,0.000000,0.000000,-0.0001,False,2025-12-31T06:47:19.047670
60000,5 + 3 =,arithmetic,0.000000,0.000000,0.0000,True,2025-12-31T06:47:19.047676
60000,La capitale de la France est,knowledge,0.000000,0.000000,0.0000,True,2025-12-31T06:47:19.047679
60000,Le soleil se lève à l',knowledge,0.000002,0.000000,10.1257,True,2025-12-31T06:47:19.047683
60000,Le contraire de chaud est,semantic,0.000000,0.000000,-0.0000,False,2025-12-31T06:47:19.047688
60000,Le contraire de grand est,semantic,0.000000,0.000000,0.0000,True,2025-12-31T06:47:19.047692
60000,Chien est à chiot comme chat est à,analogy,0.000000,0.000000,0.0000,False,2025-12-31T06:47:19.047695
60000,Roi est à reine comme homme est à,analogy,0.000000,0.000000,0.0000,True,2025-12-31T06:47:19.047699
61000,2 + 2 =,arithmetic,0.000000,0.000000,-0.0046,False,2025-12-31T08:28:51.908273
61000,5 + 3 =,arithmetic,0.000000,0.000000,-0.0004,False,2025-12-31T08:28:51.908279
61000,La capitale de la France est,knowledge,0.000000,0.000000,0.0000,True,2025-12-31T08:28:51.908283
61000,Le soleil se lève à l',knowledge,0.000004,0.000000,10.6003,True,2025-12-31T08:28:51.908287
61000,Le contraire de chaud est,semantic,0.000000,0.000000,0.0000,False,2025-12-31T08:28:51.908291
61000,Le contraire de grand est,semantic,0.000000,0.000000,0.0000,True,2025-12-31T08:28:51.908295
61000,Chien est à chiot comme chat est à,analogy,0.000000,0.000000,0.0000,False,2025-12-31T08:28:51.908298
61000,Roi est à reine comme homme est à,analogy,0.000000,0.000000,0.0000,True,2025-12-31T08:28:51.908302
62000,2 + 2 =,arithmetic,0.000000,0.000000,-0.0080,False,2025-12-31T10:09:22.374081
62000,5 + 3 =,arithmetic,0.000000,0.000000,0.0000,False,2025-12-31T10:09:22.374088
62000,La capitale de la France est,knowledge,0.000000,0.000000,0.0000,True,2025-12-31T10:09:22.374092
62000,Le soleil se lève à l',knowledge,0.000000,0.000000,7.9862,True,2025-12-31T10:09:22.374097
62000,Le contraire de chaud est,semantic,0.000000,0.000000,-0.0000,False,2025-12-31T10:09:22.374103
62000,Le contraire de grand est,semantic,0.000000,0.000000,0.0000,True,2025-12-31T10:09:22.374107
62000,Chien est à chiot comme chat est à,analogy,0.000000,0.000000,0.0000,False,2025-12-31T10:09:22.374112
62000,Roi est à reine comme homme est à,analogy,0.000000,0.000000,0.0000,True,2025-12-31T10:09:22.374116
63000,2 + 2 =,arithmetic,0.000000,0.000000,-0.0039,False,2025-12-31T11:50:56.279002
63000,5 + 3 =,arithmetic,0.000000,0.000000,0.0000,False,2025-12-31T11:50:56.279009
63000,La capitale de la France est,knowledge,0.000000,0.000000,0.0000,True,2025-12-31T11:50:56.279013
63000,Le soleil se lève à l',knowledge,0.000482,0.000000,15.3892,True,2025-12-31T11:50:56.279018
63000,Le contraire de chaud est,semantic,0.000000,0.000000,-0.0000,False,2025-12-31T11:50:56.279024
63000,Le contraire de grand est,semantic,0.000000,0.000000,0.0000,True,2025-12-31T11:50:56.279029
63000,Chien est à chiot comme chat est à,analogy,0.000000,0.000000,0.0000,False,2025-12-31T11:50:56.279033
63000,Roi est à reine comme homme est à,analogy,0.000000,0.000000,0.0000,True,2025-12-31T11:50:56.279038
64000,2 + 2 =,arithmetic,0.000000,0.000000,-0.0001,False,2025-12-31T13:29:53.999400
64000,5 + 3 =,arithmetic,0.000000,0.000000,-0.0000,False,2025-12-31T13:29:53.999405
64000,La capitale de la France est,knowledge,0.000000,0.000000,0.0000,True,2025-12-31T13:29:53.999409
64000,Le soleil se lève à l',knowledge,0.000073,0.000000,13.5010,True,2025-12-31T13:29:53.999413
64000,Le contraire de chaud est,semantic,0.000000,0.000000,-0.0000,False,2025-12-31T13:29:53.999418
64000,Le contraire de grand est,semantic,0.000000,0.000000,0.0000,True,2025-12-31T13:29:53.999421
64000,Chien est à chiot comme chat est à,analogy,0.000000,0.000000,0.0000,False,2025-12-31T13:29:53.999425
64000,Roi est à reine comme homme est à,analogy,0.000000,0.000000,0.0000,False,2025-12-31T13:29:53.999429
65000,2 + 2 =,arithmetic,0.000000,0.000000,0.0001,True,2025-12-31T15:08:21.069265
65000,5 + 3 =,arithmetic,0.000000,0.000000,-0.0001,False,2025-12-31T15:08:21.069272
65000,La capitale de la France est,knowledge,0.000000,0.000000,0.0000,True,2025-12-31T15:08:21.069277
65000,Le soleil se lève à l',knowledge,0.000000,0.000000,4.3312,True,2025-12-31T15:08:21.069281
65000,Le contraire de chaud est,semantic,0.000000,0.000000,-0.0000,False,2025-12-31T15:08:21.069287
65000,Le contraire de grand est,semantic,0.000000,0.000000,0.0000,True,2025-12-31T15:08:21.069291
65000,Chien est à chiot comme chat est à,analogy,0.000000,0.000000,0.0000,False,2025-12-31T15:08:21.069296
65000,Roi est à reine comme homme est à,analogy,0.000000,0.000000,0.0000,True,2025-12-31T15:08:21.069300
66000,2 + 2 =,arithmetic,0.000000,0.000000,-0.0163,False,2025-12-31T16:47:07.320186
66000,5 + 3 =,arithmetic,0.000000,0.000000,-0.0007,False,2025-12-31T16:47:07.320194
66000,La capitale de la France est,knowledge,0.000000,0.000000,0.0000,True,2025-12-31T16:47:07.320198
66000,Le soleil se lève à l',knowledge,0.000000,0.000000,8.4030,True,2025-12-31T16:47:07.320203
66000,Le contraire de chaud est,semantic,0.000000,0.000000,-0.0000,False,2025-12-31T16:47:07.320208
66000,Le contraire de grand est,semantic,0.000000,0.000000,0.0000,True,2025-12-31T16:47:07.320213
66000,Chien est à chiot comme chat est à,analogy,0.000000,0.000000,0.0000,False,2025-12-31T16:47:07.320217
66000,Roi est à reine comme homme est à,analogy,0.000000,0.000000,0.0000,False,2025-12-31T16:47:07.320222
67000,2 + 2 =,arithmetic,0.000000,0.000000,-0.0021,False,2025-12-31T18:24:27.780363
67000,5 + 3 =,arithmetic,0.000000,0.000000,-0.0000,False,2025-12-31T18:24:27.780369
67000,La capitale de la France est,knowledge,0.000000,0.000000,0.0000,True,2025-12-31T18:24:27.780372
67000,Le soleil se lève à l',knowledge,0.000000,0.000000,6.8685,True,2025-12-31T18:24:27.780377
67000,Le contraire de chaud est,semantic,0.000000,0.000000,-0.0000,False,2025-12-31T18:24:27.780381
67000,Le contraire de grand est,semantic,0.000000,0.000000,0.0000,True,2025-12-31T18:24:27.780385
67000,Chien est à chiot comme chat est à,analogy,0.000000,0.000000,0.0000,False,2025-12-31T18:24:27.780388
67000,Roi est à reine comme homme est à,analogy,0.000000,0.000000,0.0000,True,2025-12-31T18:24:27.780392
68000,2 + 2 =,arithmetic,0.000000,0.000000,-0.0002,False,2025-12-31T20:02:27.740582
68000,5 + 3 =,arithmetic,0.000000,0.000000,-0.0000,False,2025-12-31T20:02:27.740590
68000,La capitale de la France est,knowledge,0.000000,0.000000,0.0000,True,2025-12-31T20:02:27.740594
68000,Le soleil se lève à l',knowledge,0.000000,0.000000,5.3276,True,2025-12-31T20:02:27.740599
68000,Le contraire de chaud est,semantic,0.000000,0.000000,-0.0000,False,2025-12-31T20:02:27.740605
68000,Le contraire de grand est,semantic,0.000000,0.000000,0.0000,True,2025-12-31T20:02:27.740609
68000,Chien est à chiot comme chat est à,analogy,0.000000,0.000000,0.0000,False,2025-12-31T20:02:27.740614
68000,Roi est à reine comme homme est à,analogy,0.000000,0.000000,0.0000,True,2025-12-31T20:02:27.740618
69000,2 + 2 =,arithmetic,0.000000,0.000000,-0.0361,False,2025-12-31T21:47:24.542035
69000,5 + 3 =,arithmetic,0.000000,0.000000,-0.0001,False,2025-12-31T21:47:24.542042
69000,La capitale de la France est,knowledge,0.000000,0.000000,0.0000,True,2025-12-31T21:47:24.542047
69000,Le soleil se lève à l',knowledge,0.000000,0.000000,0.5839,True,2025-12-31T21:47:24.542051
69000,Le contraire de chaud est,semantic,0.000000,0.000000,-0.0000,False,2025-12-31T21:47:24.542057
69000,Le contraire de grand est,semantic,0.000000,0.000000,0.0000,True,2025-12-31T21:47:24.542061
69000,Chien est à chiot comme chat est à,analogy,0.000000,0.000000,0.0000,False,2025-12-31T21:47:24.542065
69000,Roi est à reine comme homme est à,analogy,0.000000,0.000000,0.0000,False,2025-12-31T21:47:24.542070
70000,2 + 2 =,arithmetic,0.000000,0.000000,-0.0003,False,2025-12-31T23:26:22.189154
70000,5 + 3 =,arithmetic,0.000000,0.000000,-0.0000,False,2025-12-31T23:26:22.189161
70000,La capitale de la France est,knowledge,0.000000,0.000000,0.0000,True,2025-12-31T23:26:22.189166
70000,Le soleil se lève à l',knowledge,0.000000,0.000000,6.6300,True,2025-12-31T23:26:22.189170
70000,Le contraire de chaud est,semantic,0.000000,0.000000,-0.0000,False,2025-12-31T23:26:22.189176
70000,Le contraire de grand est,semantic,0.000000,0.000000,0.0000,True,2025-12-31T23:26:22.189180
70000,Chien est à chiot comme chat est à,analogy,0.000000,0.000000,0.0000,False,2025-12-31T23:26:22.189184
70000,Roi est à reine comme homme est à,analogy,0.000000,0.000000,0.0000,True,2025-12-31T23:26:22.189189
71000,2 + 2 =,arithmetic,0.000000,0.000000,-0.0029,False,2026-01-01T01:06:54.669759
71000,5 + 3 =,arithmetic,0.000000,0.000000,-0.0000,False,2026-01-01T01:06:54.669765
71000,La capitale de la France est,knowledge,0.000000,0.000000,0.0000,True,2026-01-01T01:06:54.669768
71000,Le soleil se lève à l',knowledge,0.000000,0.000000,4.0420,True,2026-01-01T01:06:54.669772
71000,Le contraire de chaud est,semantic,0.000000,0.000000,-0.0000,False,2026-01-01T01:06:54.669777
71000,Le contraire de grand est,semantic,0.000000,0.000000,0.0000,True,2026-01-01T01:06:54.669781
71000,Chien est à chiot comme chat est à,analogy,0.000000,0.000000,0.0000,False,2026-01-01T01:06:54.669784
71000,Roi est à reine comme homme est à,analogy,0.000000,0.000000,0.0000,True,2026-01-01T01:06:54.669788
72000,2 + 2 =,arithmetic,0.000000,0.000000,-0.0000,False,2026-01-01T02:46:11.072669
72000,5 + 3 =,arithmetic,0.000000,0.000000,-0.0000,False,2026-01-01T02:46:11.072675
72000,La capitale de la France est,knowledge,0.000000,0.000000,0.0000,True,2026-01-01T02:46:11.072679
72000,Le soleil se lève à l',knowledge,0.000000,0.000000,7.2941,True,2026-01-01T02:46:11.072683
72000,Le contraire de chaud est,semantic,0.000000,0.000000,-0.0000,False,2026-01-01T02:46:11.072687
72000,Le contraire de grand est,semantic,0.000000,0.000000,0.0000,True,2026-01-01T02:46:11.072691
72000,Chien est à chiot comme chat est à,analogy,0.000000,0.000000,0.0000,False,2026-01-01T02:46:11.072695
72000,Roi est à reine comme homme est à,analogy,0.000000,0.000000,0.0000,True,2026-01-01T02:46:11.072699
