step,loss,ppl,tokens_M,grammar_acc,reasoning_acc,val_ppl,H_logit_entropy,H_top_k,timestamp
500,9.050895,8526.17,1.0,,,,,2026-01-05T03:12:06.424732
1000,8.294437,4001.55,2.0,,,,,2026-01-05T03:12:51.664033
1000,8.294437,4001.55,2.0,0.5167,0.0000,2799.43,0.5869,0.5881,2026-01-05T03:13:02.272477
1500,7.919622,2750.73,3.1,,,,,2026-01-05T03:13:48.192007
2000,7.209197,1351.81,4.1,,,,,2026-01-05T03:14:33.626649
2000,7.209197,1351.81,4.1,0.4667,0.0000,1295.64,0.5439,0.5640,2026-01-05T03:14:43.800096
2500,6.942269,1035.12,5.1,,,,,2026-01-05T03:15:28.392671
3000,6.640751,765.67,6.1,,,,,2026-01-05T03:16:12.703079
3000,6.640751,765.67,6.1,0.5333,0.0000,783.76,0.5694,0.5676,2026-01-05T03:16:22.762830
3500,6.907267,999.51,7.2,,,,,2026-01-05T03:17:08.768170
4000,6.472847,647.32,8.2,,,,,2026-01-05T03:17:51.777218
4000,6.472847,647.32,8.2,0.5000,0.0000,631.45,0.5632,0.5708,2026-01-05T03:18:01.864526
4500,6.904869,997.12,9.2,,,,,2026-01-05T03:18:46.333257
5000,6.396897,599.98,10.2,,,,,2026-01-05T03:19:25.389562
5000,6.396897,599.98,10.2,0.5333,0.1429,560.55,0.5517,0.5627,2026-01-05T03:19:35.516690
5500,6.235274,510.44,11.3,,,,,2026-01-05T03:20:21.588223
6000,5.750733,314.42,12.3,,,,,2026-01-05T03:21:07.030049
6000,5.750733,314.42,12.3,0.4833,0.1429,452.93,0.5398,0.5471,2026-01-05T03:21:17.473464
6500,6.025851,413.99,13.3,,,,,2026-01-05T03:22:02.747996
7000,5.825685,338.89,14.3,,,,,2026-01-05T03:22:45.976573
7000,5.825685,338.89,14.3,0.4500,0.1429,407.17,0.5443,0.5667,2026-01-05T03:22:56.616808
7500,6.228713,507.10,15.4,,,,,2026-01-05T03:23:42.542503
8000,5.964950,389.53,16.4,,,,,2026-01-05T03:24:27.496397
8000,5.964950,389.53,16.4,0.6500,0.0000,355.41,0.5578,0.5528,2026-01-05T03:24:40.561918
8500,5.864127,352.17,17.4,,,,,2026-01-05T03:25:33.421855
9000,5.660969,287.43,18.4,,,,,2026-01-05T03:26:25.412081
9000,5.660969,287.43,18.4,0.5167,0.1429,334.04,0.5421,0.5542,2026-01-05T03:26:38.870907
9500,5.803042,331.31,19.5,,,,,2026-01-05T03:27:31.573997
10000,5.605272,271.86,20.5,,,,,2026-01-05T03:28:22.215039
10000,5.605272,271.86,20.5,0.5500,0.0000,324.47,0.5782,0.5668,2026-01-05T03:28:36.497252
10500,5.903011,366.14,21.5,,,,,2026-01-05T03:29:30.321638
11000,5.183888,178.38,22.5,,,,,2026-01-05T03:30:21.019950
11000,5.183888,178.38,22.5,0.6167,0.0000,302.20,0.5112,0.5249,2026-01-05T03:30:34.014721
11500,5.297120,199.76,23.6,,,,,2026-01-05T03:31:24.522848
12000,5.840158,343.83,24.6,,,,,2026-01-05T03:32:16.819789
12000,5.840158,343.83,24.6,0.5333,0.0000,291.88,0.6333,0.6137,2026-01-05T03:32:30.092899
12500,5.439686,230.37,25.6,,,,,2026-01-05T03:33:22.624913
13000,5.525744,251.07,26.6,,,,,2026-01-05T03:34:14.615431
13000,5.525744,251.07,26.6,0.5333,0.0000,261.46,0.5666,0.5893,2026-01-05T03:34:27.802234
13500,5.482623,240.48,27.6,,,,,2026-01-05T03:35:19.270725
14000,5.291529,198.65,28.7,,,,,2026-01-05T03:36:07.795062
14000,5.291529,198.65,28.7,0.5667,0.2857,281.25,0.6130,0.5964,2026-01-05T03:36:21.355071
14500,5.529420,252.00,29.7,,,,,2026-01-05T03:37:11.043186
15000,5.286150,197.58,30.7,,,,,2026-01-05T03:38:02.144315
15000,5.286150,197.58,30.7,0.6500,0.0000,264.05,0.5823,0.5619,2026-01-05T03:38:15.783114
15500,5.417062,225.22,31.7,,,,,2026-01-05T03:39:06.050510
16000,5.521991,250.13,32.8,,,,,2026-01-05T03:39:56.547682
16000,5.521991,250.13,32.8,0.4667,0.0000,255.72,0.5807,0.5639,2026-01-05T03:40:10.194623
16500,5.380129,217.05,33.8,,,,,2026-01-05T03:41:03.240251
17000,5.111081,165.85,34.8,,,,,2026-01-05T03:41:52.586668
17000,5.111081,165.85,34.8,0.5500,0.0000,191.36,0.7101,0.7104,2026-01-05T03:42:05.279144
17500,5.362560,213.27,35.8,,,,,2026-01-05T03:42:55.417548
18000,5.046782,155.52,36.9,,,,,2026-01-05T03:43:45.907946
18000,5.046782,155.52,36.9,0.6000,0.1429,172.31,0.6751,0.6726,2026-01-05T03:43:58.792593
18500,5.733850,309.16,37.9,,,,,2026-01-05T03:44:50.460482
19000,5.368309,214.50,38.9,,,,,2026-01-05T03:45:42.051935
19000,5.368309,214.50,38.9,0.6333,0.0000,173.92,0.6470,0.6521,2026-01-05T03:45:55.864460
19500,5.223183,185.52,39.9,,,,,2026-01-05T03:46:47.064444
20000,5.189240,179.33,41.0,,,,,2026-01-05T03:47:36.763954
20000,5.189240,179.33,41.0,0.6333,0.0000,162.27,0.6679,0.6536,2026-01-05T03:47:49.882066
20500,5.427109,227.49,42.0,,,,,2026-01-05T03:48:41.214326
21000,5.194121,180.21,43.0,,,,,2026-01-05T03:49:32.746965
21000,5.194121,180.21,43.0,0.7000,0.0000,151.05,0.6455,0.6462,2026-01-05T03:49:46.361241
21500,5.253915,191.31,44.0,,,,,2026-01-05T03:50:38.906448
22000,5.123446,167.91,45.1,,,,,2026-01-05T03:51:29.885505
22000,5.123446,167.91,45.1,0.7167,0.0000,145.52,0.6669,0.6519,2026-01-05T03:51:43.681557
22500,5.223203,185.53,46.1,,,,,2026-01-05T03:52:33.211751
23000,5.027340,152.53,47.1,,,,,2026-01-05T03:53:22.548716
23000,5.027340,152.53,47.1,0.7000,0.0000,139.70,0.6528,0.6432,2026-01-05T03:53:36.144259
23500,5.195241,180.41,48.1,,,,,2026-01-05T03:54:26.766307
24000,5.005766,149.27,49.2,,,,,2026-01-05T03:55:15.377322
24000,5.005766,149.27,49.2,0.6833,0.0000,135.95,0.6922,0.6738,2026-01-05T03:55:28.672220
24500,5.254127,191.35,50.2,,,,,2026-01-05T03:56:19.290281
25000,4.909283,135.54,51.2,,,,,2026-01-05T03:57:10.571078
25000,4.909283,135.54,51.2,0.6833,0.0000,127.30,0.6983,0.6839,2026-01-05T03:57:23.700874
25500,4.838157,126.24,52.2,,,,,2026-01-05T03:58:15.110865
26000,5.290580,198.46,53.2,,,,,2026-01-05T03:59:06.463706
26000,5.290580,198.46,53.2,0.7000,0.1429,125.28,0.6902,0.6816,2026-01-05T03:59:19.629159
26500,4.929505,138.31,54.3,,,,,2026-01-05T04:00:10.190564
27000,4.908689,135.46,55.3,,,,,2026-01-05T04:00:59.570843
27000,4.908689,135.46,55.3,0.7167,0.0000,118.89,0.6573,0.6484,2026-01-05T04:01:12.441057
27500,4.864618,129.62,56.3,,,,,2026-01-05T04:02:03.254503
28000,4.932316,138.70,57.3,,,,,2026-01-05T04:02:53.947018
28000,4.932316,138.70,57.3,0.7667,0.0000,112.74,0.6555,0.6406,2026-01-05T04:03:07.219128
28500,4.837738,126.18,58.4,,,,,2026-01-05T04:03:57.237049
29000,5.169861,175.89,59.4,,,,,2026-01-05T04:04:45.944571
29000,5.169861,175.89,59.4,0.7167,0.0000,112.87,0.6383,0.6250,2026-01-05T04:04:58.793192
29500,4.745901,115.11,60.4,,,,,2026-01-05T04:05:49.728077
30000,4.912228,135.94,61.4,,,,,2026-01-05T04:06:38.092379
30000,4.912228,135.94,61.4,0.8000,0.0000,109.72,0.6200,0.6139,2026-01-05T04:06:50.661014
30500,4.997174,147.99,62.5,,,,,2026-01-05T04:07:41.781822
31000,5.041968,154.77,63.5,,,,,2026-01-05T04:08:31.292392
31000,5.041968,154.77,63.5,0.7667,0.1429,109.82,0.6566,0.6639,2026-01-05T04:08:44.990595
31500,4.900869,134.41,64.5,,,,,2026-01-05T04:09:37.051119
32000,4.696859,109.60,65.5,,,,,2026-01-05T04:10:26.859203
32000,4.696859,109.60,65.5,0.8000,0.0000,105.82,0.6260,0.6221,2026-01-05T04:10:40.279750
32500,4.931037,138.52,66.6,,,,,2026-01-05T04:11:31.986719
33000,4.842278,126.76,67.6,,,,,2026-01-05T04:12:22.197167
33000,4.842278,126.76,67.6,0.7500,0.0000,103.97,0.6565,0.6476,2026-01-05T04:12:35.355200
33500,5.392688,219.79,68.6,,,,,2026-01-05T04:13:26.275506
34000,4.925400,137.74,69.6,,,,,2026-01-05T04:14:14.687961
34000,4.925400,137.74,69.6,0.7833,0.1429,102.69,0.6344,0.6295,2026-01-05T04:14:27.600257
34500,4.915244,136.35,70.7,,,,,2026-01-05T04:15:17.984302
35000,4.951349,141.37,71.7,,,,,2026-01-05T04:16:09.494544
35000,4.951349,141.37,71.7,0.8000,0.0000,102.51,0.6620,0.6587,2026-01-05T04:16:22.089259
35500,4.543747,94.04,72.7,,,,,2026-01-05T04:17:14.306637
36000,4.595467,99.03,73.7,,,,,2026-01-05T04:18:09.116262
36000,4.595467,99.03,73.7,0.7667,0.2857,100.67,0.6517,0.6392,2026-01-05T04:18:22.758701
36500,4.881038,131.77,74.8,,,,,2026-01-05T04:19:17.842989
37000,4.846740,127.32,75.8,,,,,2026-01-05T04:20:11.985745
37000,4.846740,127.32,75.8,0.8000,0.0000,98.84,0.6231,0.6216,2026-01-05T04:20:24.840392
37500,4.797542,121.21,76.8,,,,,2026-01-05T04:21:15.105707
38000,4.726145,112.86,77.8,,,,,2026-01-05T04:22:02.717159
38000,4.726145,112.86,77.8,0.7667,0.0000,96.48,0.6585,0.6605,2026-01-05T04:22:14.982612
38500,4.520867,91.92,78.8,,,,,2026-01-05T04:23:00.406222
39000,4.838998,126.34,79.9,,,,,2026-01-05T04:23:46.623591
39000,4.838998,126.34,79.9,0.7333,0.0000,90.29,0.5776,0.5694,2026-01-05T04:23:57.795530
39500,4.724439,112.67,80.9,,,,,2026-01-05T04:24:43.768826
40000,4.272503,71.70,81.9,,,,,2026-01-05T04:25:30.470035
40000,4.272503,71.70,81.9,0.7667,0.1429,92.16,0.6206,0.6207,2026-01-05T04:25:41.591197
40500,4.972754,144.42,82.9,,,,,2026-01-05T04:26:29.582914
41000,4.561456,95.72,84.0,,,,,2026-01-05T04:27:15.781525
41000,4.561456,95.72,84.0,0.7667,0.0000,91.22,0.6169,0.6008,2026-01-05T04:27:27.040872
41500,4.376080,79.53,85.0,,,,,2026-01-05T04:28:15.317458
42000,4.411913,82.43,86.0,,,,,2026-01-05T04:28:53.181303
42000,4.411913,82.43,86.0,0.6833,0.0000,91.99,0.6279,0.6261,2026-01-05T04:29:03.575477
42500,4.570642,96.61,87.0,,,,,2026-01-05T04:29:49.333843
43000,4.727476,113.01,88.1,,,,,2026-01-05T04:30:34.428043
43000,4.727476,113.01,88.1,0.7333,0.0000,88.98,0.6051,0.6073,2026-01-05T04:30:44.839111
43500,4.485592,88.73,89.1,,,,,2026-01-05T04:31:30.807629
44000,4.596919,99.18,90.1,,,,,2026-01-05T04:32:16.113053
44000,4.596919,99.18,90.1,0.7000,0.0000,98.09,0.6647,0.6726,2026-01-05T04:32:26.479650
44500,4.738171,114.23,91.1,,,,,2026-01-05T04:33:12.444078
45000,4.816987,123.59,92.2,,,,,2026-01-05T04:33:57.606398
45000,4.816987,123.59,92.2,0.7000,0.1429,90.37,0.5962,0.6079,2026-01-05T04:34:08.081024
45500,4.971378,144.23,93.2,,,,,2026-01-05T04:34:54.008114
46000,4.664858,106.15,94.2,,,,,2026-01-05T04:35:39.331498
46000,4.664858,106.15,94.2,0.6667,0.0000,101.04,0.6450,0.6524,2026-01-05T04:35:49.968370
46500,4.750354,115.63,95.2,,,,,2026-01-05T04:36:36.701651
47000,4.497962,89.83,96.3,,,,,2026-01-05T04:37:22.274984
47000,4.497962,89.83,96.3,0.7667,0.1429,89.08,0.6444,0.6456,2026-01-05T04:37:32.642352
47500,5.006085,149.32,97.3,,,,,2026-01-05T04:38:18.861334
48000,4.995857,147.80,98.3,,,,,2026-01-05T04:39:04.307196
48000,4.995857,147.80,98.3,0.7833,0.1429,87.33,0.6506,0.6565,2026-01-05T04:39:14.797966
48500,4.684641,108.27,99.3,,,,,2026-01-05T04:40:00.857921
49000,4.448390,85.49,100.4,,,,,2026-01-05T04:40:46.249141
49000,4.448390,85.49,100.4,0.7833,0.0000,87.46,0.6540,0.6478,2026-01-05T04:40:56.718842
49500,4.656433,105.26,101.4,,,,,2026-01-05T04:41:42.937545
50000,4.314135,74.75,102.4,,,,,2026-01-05T04:42:28.369964
50000,4.314135,74.75,102.4,0.7500,0.0000,83.84,0.6261,0.6258,2026-01-05T04:42:38.705944
50500,4.447449,85.41,103.4,,,,,2026-01-05T04:43:24.848958
51000,4.533454,93.08,104.4,,,,,2026-01-05T04:44:10.073872
51000,4.533454,93.08,104.4,0.7667,0.1429,87.61,0.6652,0.6630,2026-01-05T04:44:20.457421
51500,4.696064,109.52,105.5,,,,,2026-01-05T04:45:04.668040
52000,4.562043,95.78,106.5,,,,,2026-01-05T04:45:48.549019
52000,4.562043,95.78,106.5,0.7500,0.1429,89.71,0.6042,0.6098,2026-01-05T04:45:58.824055
52500,4.638044,103.34,107.5,,,,,2026-01-05T04:46:36.291324
53000,4.377530,79.64,108.5,,,,,2026-01-05T04:47:13.023637
53000,4.377530,79.64,108.5,0.7667,0.0000,87.24,0.6243,0.6162,2026-01-05T04:47:23.388035
53500,4.556426,95.24,109.6,,,,,2026-01-05T04:48:09.831713
54000,0.000005,1.00,110.6,,,,,2026-01-05T04:48:56.202364
54000,0.000005,1.00,110.6,0.8333,0.1429,158.07,0.7096,0.6877,2026-01-05T04:49:06.835908
54500,0.000001,1.00,111.6,,,,,2026-01-05T04:49:52.197962
55000,4.690514,108.91,112.6,,,,,2026-01-05T04:50:37.601195
55000,4.690514,108.91,112.6,0.7167,0.1429,93.96,0.6116,0.6152,2026-01-05T04:50:48.063337
55500,4.566466,96.20,113.7,,,,,2026-01-05T04:51:34.952871
56000,4.780638,119.18,114.7,,,,,2026-01-05T04:52:20.922815
56000,4.780638,119.18,114.7,0.7333,0.1429,84.95,0.6481,0.6374,2026-01-05T04:52:31.496986
56500,4.536187,93.33,115.7,,,,,2026-01-05T04:53:18.635946
57000,4.546187,94.27,116.7,,,,,2026-01-05T04:54:04.330491
57000,4.546187,94.27,116.7,0.7500,0.2857,87.52,0.6063,0.6255,2026-01-05T04:54:14.702743
57500,4.350853,77.54,117.8,,,,,2026-01-05T04:55:01.111733
58000,4.242396,69.57,118.8,,,,,2026-01-05T04:55:46.805699
58000,4.242396,69.57,118.8,0.7333,0.0000,82.66,0.6312,0.6331,2026-01-05T04:55:57.346574
58500,4.292873,73.18,119.8,,,,,2026-01-05T04:56:44.885316
59000,4.465792,86.99,120.8,,,,,2026-01-05T04:57:30.908961
59000,4.465792,86.99,120.8,0.7667,0.0000,81.26,0.6434,0.6493,2026-01-05T04:57:41.500581
59500,4.429240,83.87,121.9,,,,,2026-01-05T04:58:28.299960
60000,4.268216,71.39,122.9,,,,,2026-01-05T04:59:13.966403
60000,4.268216,71.39,122.9,0.7167,0.1429,79.30,0.6450,0.6422,2026-01-05T04:59:24.472907
60500,4.707665,110.79,123.9,,,,,2026-01-05T05:00:08.290464
61000,4.382400,80.03,124.9,,,,,2026-01-05T05:00:46.311087
61000,4.382400,80.03,124.9,0.7500,0.1429,54.81,0.5975,0.6037,2026-01-05T05:00:56.735566
61500,4.568072,96.36,126.0,,,,,2026-01-05T05:01:37.589907
62000,4.610972,100.58,127.0,,,,,2026-01-05T05:02:23.066558
62000,4.610972,100.58,127.0,0.7833,0.2857,63.81,0.6241,0.6301,2026-01-05T05:02:33.451193
62500,4.513231,91.22,128.0,,,,,2026-01-05T05:03:20.549069
63000,4.374289,79.38,129.0,,,,,2026-01-05T05:04:06.858063
63000,4.374289,79.38,129.0,0.6833,0.0000,67.54,0.6087,0.6109,2026-01-05T05:04:17.126661
63500,4.358530,78.14,130.0,,,,,2026-01-05T05:05:03.841422
64000,5.171385,176.16,131.1,,,,,2026-01-05T05:05:49.754540
64000,5.171385,176.16,131.1,0.7667,0.0000,73.33,0.6510,0.6585,2026-01-05T05:06:00.227972
64500,4.775532,118.57,132.1,,,,,2026-01-05T05:06:46.537882
65000,4.577165,97.24,133.1,,,,,2026-01-05T05:07:32.296062
65000,4.577165,97.24,133.1,0.7000,0.1429,68.21,0.6026,0.5984,2026-01-05T05:07:42.641306
65500,4.684419,108.25,134.1,,,,,2026-01-05T05:08:29.213900
66000,4.212555,67.53,135.2,,,,,2026-01-05T05:09:14.873978
66000,4.212555,67.53,135.2,0.7667,0.0000,68.83,0.6949,0.6954,2026-01-05T05:09:25.200440
66500,4.542345,93.91,136.2,,,,,2026-01-05T05:10:11.055091
67000,4.596540,99.14,137.2,,,,,2026-01-05T05:10:55.663193
67000,4.596540,99.14,137.2,0.7000,0.0000,70.78,0.6297,0.6386,2026-01-05T05:11:06.147320
67500,4.659562,105.59,138.2,,,,,2026-01-05T05:11:52.425076
68000,4.275827,71.94,139.3,,,,,2026-01-05T05:12:37.717448
68000,4.275827,71.94,139.3,0.7167,0.0000,65.05,0.6026,0.5995,2026-01-05T05:12:48.195405
68500,4.559176,95.50,140.3,,,,,2026-01-05T05:13:34.183780
69000,4.499447,89.97,141.3,,,,,2026-01-05T05:14:21.830067
69000,4.499447,89.97,141.3,0.7167,0.1429,65.58,0.6212,0.6148,2026-01-05T05:14:32.144993
69500,4.086409,59.53,142.3,,,,,2026-01-05T05:15:18.593561
70000,4.757831,116.49,143.4,,,,,2026-01-05T05:16:04.240320
70000,4.757831,116.49,143.4,0.7333,0.1429,66.60,0.6429,0.6388,2026-01-05T05:16:14.655059
70500,4.318064,75.04,144.4,,,,,2026-01-05T05:17:02.597727
71000,4.475532,87.84,145.4,,,,,2026-01-05T05:17:49.495788
71000,4.475532,87.84,145.4,0.7667,0.1429,65.62,0.5993,0.5794,2026-01-05T05:17:59.858754
71500,4.567098,96.26,146.4,,,,,2026-01-05T05:18:45.694078
72000,4.488426,88.98,147.5,,,,,2026-01-05T05:19:30.948938
72000,4.488426,88.98,147.5,0.7667,0.1429,67.40,0.6179,0.6339,2026-01-05T05:19:41.220039
72500,4.354782,77.85,148.5,,,,,2026-01-05T05:20:28.816043
73000,5.215285,184.06,149.5,,,,,2026-01-05T05:21:14.590027
73000,5.215285,184.06,149.5,0.5833,0.0000,79.26,0.5704,0.5668,2026-01-05T05:21:25.150757
73500,4.249687,70.08,150.5,,,,,2026-01-05T05:22:11.326018
74000,4.585558,98.06,151.6,,,,,2026-01-05T05:22:57.178856
74000,4.585558,98.06,151.6,0.7500,0.0000,66.42,0.6508,0.6491,2026-01-05T05:23:07.460420
74500,4.007437,55.01,152.6,,,,,2026-01-05T05:23:53.915760
75000,4.249453,70.07,153.6,,,,,2026-01-05T05:24:39.588747
75000,4.249453,70.07,153.6,0.7333,0.1429,65.30,0.6117,0.6207,2026-01-05T05:24:49.983238
75500,3.771648,43.45,154.6,,,,,2026-01-05T05:25:36.533643
76000,4.083862,59.37,155.6,,,,,2026-01-05T05:26:21.604121
76000,4.083862,59.37,155.6,0.7167,0.1429,64.43,0.5959,0.5785,2026-01-05T05:26:32.066591
76500,3.968782,52.92,156.7,,,,,2026-01-05T05:27:19.550687
77000,4.248313,69.99,157.7,,,,,2026-01-05T05:28:05.281629
77000,4.248313,69.99,157.7,0.7000,0.2857,62.10,0.6250,0.6044,2026-01-05T05:28:15.639873
77500,4.269231,71.47,158.7,,,,,2026-01-05T05:29:01.709888
78000,4.283284,72.48,159.7,,,,,2026-01-05T05:29:48.565029
78000,4.283284,72.48,159.7,0.8000,0.1429,64.38,0.6759,0.6884,2026-01-05T05:29:58.933116
78500,4.192253,66.17,160.8,,,,,2026-01-05T05:30:45.466925
79000,4.220477,68.07,161.8,,,,,2026-01-05T05:31:32.238588
79000,4.220477,68.07,161.8,0.7667,0.1429,69.52,0.5938,0.5905,2026-01-05T05:31:42.614762
79500,4.450008,85.63,162.8,,,,,2026-01-05T05:32:29.392521
80000,4.336199,76.42,163.8,,,,,2026-01-05T05:33:12.041627
80000,4.336199,76.42,163.8,0.7500,0.1429,62.25,0.5781,0.5892,2026-01-05T05:33:22.410619
80500,4.154143,63.70,164.9,,,,,2026-01-05T05:34:03.886437
81000,4.335639,76.37,165.9,,,,,2026-01-05T05:34:48.209398
81000,4.335639,76.37,165.9,0.7833,0.2857,63.64,0.6065,0.6125,2026-01-05T05:34:58.503457
81500,4.356145,77.96,166.9,,,,,2026-01-05T05:35:44.543537
82000,4.321803,75.32,167.9,,,,,2026-01-05T05:36:29.734876
82000,4.321803,75.32,167.9,0.7167,0.1429,62.76,0.6539,0.6271,2026-01-05T05:36:40.068671
82500,4.133046,62.37,169.0,,,,,2026-01-05T05:37:25.838394
83000,3.995293,54.34,170.0,,,,,2026-01-05T05:38:11.033353
83000,3.995293,54.34,170.0,0.8167,0.2857,68.69,0.6593,0.6486,2026-01-05T05:38:21.370638
83500,4.137303,62.63,171.0,,,,,2026-01-05T05:39:07.083430
84000,4.274937,71.88,172.0,,,,,2026-01-05T05:39:52.253567
84000,4.274937,71.88,172.0,0.7833,0.2857,61.52,0.6426,0.6336,2026-01-05T05:40:02.667763
84500,4.245862,69.82,173.1,,,,,2026-01-05T05:40:51.603729
85000,4.328093,75.80,174.1,,,,,2026-01-05T05:41:36.777454
85000,4.328093,75.80,174.1,0.7500,0.1429,60.76,0.6146,0.6049,2026-01-05T05:41:47.011835
85500,4.143768,63.04,175.1,,,,,2026-01-05T05:42:32.959104
86000,4.394520,81.01,176.1,,,,,2026-01-05T05:43:18.353677
86000,4.394520,81.01,176.1,0.7500,0.1429,62.04,0.6314,0.6224,2026-01-05T05:43:28.817506
86500,4.320177,75.20,177.2,,,,,2026-01-05T05:44:15.966836
87000,4.320553,75.23,178.2,,,,,2026-01-05T05:45:01.649184
87000,4.320553,75.23,178.2,0.7500,0.1429,60.36,0.6136,0.6193,2026-01-05T05:45:12.076521
87500,3.228128,25.23,179.2,,,,,2026-01-05T05:45:58.226110
88000,4.030922,56.31,180.2,,,,,2026-01-05T05:46:42.644498
88000,4.030922,56.31,180.2,0.7167,0.1429,60.96,0.6338,0.6503,2026-01-05T05:46:52.908962
88500,4.029054,56.21,181.2,,,,,2026-01-05T05:47:38.901209
89000,4.054734,57.67,182.3,,,,,2026-01-05T05:48:24.386487
89000,4.054734,57.67,182.3,0.7000,0.1429,60.67,0.5887,0.5998,2026-01-05T05:48:34.712577
89500,4.241710,69.53,183.3,,,,,2026-01-05T05:49:20.881474
90000,4.300526,73.74,184.3,,,,,2026-01-05T05:50:06.412087
90000,4.300526,73.74,184.3,0.7000,0.2857,59.32,0.5890,0.6075,2026-01-05T05:50:16.755849
90500,4.307569,74.26,185.3,,,,,2026-01-05T05:51:02.931860
91000,4.432527,84.14,186.4,,,,,2026-01-05T05:51:48.634333
91000,4.432527,84.14,186.4,0.6833,0.1429,61.05,0.6357,0.6347,2026-01-05T05:51:58.945455
91500,3.952425,52.06,187.4,,,,,2026-01-05T05:52:44.979353
92000,3.811946,45.24,188.4,,,,,2026-01-05T05:53:30.368284
92000,3.811946,45.24,188.4,0.6500,0.2857,63.45,0.6414,0.6524,2026-01-05T05:53:40.712394
92500,4.407602,82.07,189.4,,,,,2026-01-05T05:54:26.786327
93000,4.152620,63.60,190.5,,,,,2026-01-05T05:55:12.102611
93000,4.152620,63.60,190.5,0.7667,0.1429,60.60,0.6483,0.6570,2026-01-05T05:55:22.471023
93500,5.166048,175.22,191.5,,,,,2026-01-05T05:56:08.491408
94000,4.701563,110.12,192.5,,,,,2026-01-05T05:56:53.530511
94000,4.701563,110.12,192.5,0.6667,0.0000,63.82,0.6334,0.6496,2026-01-05T05:57:03.983432
94500,3.893052,49.06,193.5,,,,,2026-01-05T05:57:49.895738
95000,4.392121,80.81,194.6,,,,,2026-01-05T05:58:35.067579
95000,4.392121,80.81,194.6,0.7167,0.1429,62.12,0.6130,0.6179,2026-01-05T05:58:45.492805
95500,4.050724,57.44,195.6,,,,,2026-01-05T05:59:31.408277
96000,4.053034,57.57,196.6,,,,,2026-01-05T06:00:16.649353
96000,4.053034,57.57,196.6,0.7167,0.2857,60.96,0.6242,0.6204,2026-01-05T06:00:27.083290
96500,4.848533,127.55,197.6,,,,,2026-01-05T06:01:13.790091
97000,4.235069,69.07,198.7,,,,,2026-01-05T06:01:59.971928
97000,4.235069,69.07,198.7,0.7333,0.2857,59.46,0.6194,0.6025,2026-01-05T06:02:10.462546
97500,3.676297,39.50,199.7,,,,,2026-01-05T06:02:57.392051
98000,4.244247,69.70,200.7,,,,,2026-01-05T06:03:43.576440
98000,4.244247,69.70,200.7,0.7167,0.1429,59.52,0.6230,0.6296,2026-01-05T06:03:53.983382
98500,4.232576,68.89,201.7,,,,,2026-01-05T06:04:40.115435
99000,4.137110,62.62,202.8,,,,,2026-01-05T06:05:25.910420
99000,4.137110,62.62,202.8,0.8167,0.1429,59.13,0.6403,0.6477,2026-01-05T06:05:36.389781
99500,4.218264,67.92,203.8,,,,,2026-01-05T06:06:22.869558
100000,4.160789,64.12,204.8,,,,,2026-01-05T06:07:12.129236
100000,4.160789,64.12,204.8,0.7167,0.0000,58.37,0.6454,0.6523,2026-01-05T06:07:22.464800
100500,3.735835,41.92,205.8,,,,,2026-01-05T06:08:09.856142
101000,4.246680,69.87,206.8,,,,,2026-01-05T06:08:57.199059
101000,4.246680,69.87,206.8,0.7167,0.1429,59.14,0.6036,0.5944,2026-01-05T06:09:07.576369
101500,4.057066,57.80,207.9,,,,,2026-01-05T06:09:54.005268
102000,4.380461,79.87,208.9,,,,,2026-01-05T06:10:39.557112
102000,4.380461,79.87,208.9,0.6833,0.0000,58.48,0.6220,0.6194,2026-01-05T06:10:49.988035
102500,4.370015,79.04,209.9,,,,,2026-01-05T06:11:36.226387
103000,3.879174,48.38,210.9,,,,,2026-01-05T06:12:21.669592
103000,3.879174,48.38,210.9,0.7500,0.1429,56.62,0.6246,0.6197,2026-01-05T06:12:31.956950
103500,2.948263,19.07,212.0,,,,,2026-01-05T06:13:18.101390
104000,4.258530,70.71,213.0,,,,,2026-01-05T06:14:03.496861
104000,4.258530,70.71,213.0,0.7500,0.1429,60.57,0.6471,0.6375,2026-01-05T06:14:13.953019
104500,3.947240,51.79,214.0,,,,,2026-01-05T06:15:00.035916
105000,4.100855,60.39,215.0,,,,,2026-01-05T06:15:45.469894
105000,4.100855,60.39,215.0,0.7167,0.1429,58.00,0.6074,0.6001,2026-01-05T06:15:55.838380
105500,4.154629,63.73,216.1,,,,,2026-01-05T06:16:42.005856
106000,4.163712,64.31,217.1,,,,,2026-01-05T06:17:27.472875
106000,4.163712,64.31,217.1,0.7833,0.1429,57.03,0.6436,0.6388,2026-01-05T06:17:37.820401
106500,4.247723,69.95,218.1,,,,,2026-01-05T06:18:24.255584
107000,4.224814,68.36,219.1,,,,,2026-01-05T06:19:10.074758
107000,4.224814,68.36,219.1,0.7667,0.0000,56.96,0.6372,0.6316,2026-01-05T06:19:20.461741
107500,3.934604,51.14,220.2,,,,,2026-01-05T06:20:07.114908
108000,3.767724,43.28,221.2,,,,,2026-01-05T06:20:52.680678
108000,3.767724,43.28,221.2,0.7833,0.2857,56.68,0.6581,0.6609,2026-01-05T06:21:03.015448
108500,4.181999,65.50,222.2,,,,,2026-01-05T06:21:49.469161
109000,4.027911,56.14,223.2,,,,,2026-01-05T06:22:34.798138
109000,4.027911,56.14,223.2,0.7333,0.1429,58.22,0.6313,0.6246,2026-01-05T06:22:45.128995
109500,4.077574,59.00,224.3,,,,,2026-01-05T06:23:31.125550
110000,4.263625,71.07,225.3,,,,,2026-01-05T06:24:16.368319
110000,4.263625,71.07,225.3,0.8167,0.1429,58.75,0.6279,0.5980,2026-01-05T06:24:26.644961
110500,4.199975,66.68,226.3,,,,,2026-01-05T06:25:12.486337
111000,4.172271,64.86,227.3,,,,,2026-01-05T06:25:57.257222
111000,4.172271,64.86,227.3,0.7833,0.1429,58.16,0.6202,0.6179,2026-01-05T06:26:07.622910
111500,4.427934,83.76,228.4,,,,,2026-01-05T06:26:53.557788
112000,4.081812,59.25,229.4,,,,,2026-01-05T06:27:38.978675
112000,4.081812,59.25,229.4,0.7833,0.1429,57.12,0.6406,0.6355,2026-01-05T06:27:49.218082
112500,4.076757,58.95,230.4,,,,,2026-01-05T06:28:35.342383
113000,4.052573,57.55,231.4,,,,,2026-01-05T06:29:20.819699
113000,4.052573,57.55,231.4,0.8167,0.1429,55.30,0.6470,0.6307,2026-01-05T06:29:31.135896
113500,3.372900,29.16,232.4,,,,,2026-01-05T06:30:17.623237
114000,4.342638,76.91,233.5,,,,,2026-01-05T06:31:03.140617
114000,4.342638,76.91,233.5,0.7333,0.1429,55.39,0.6141,0.6042,2026-01-05T06:31:13.411654
114500,3.917944,50.30,234.5,,,,,2026-01-05T06:31:59.904708
115000,4.058904,57.91,235.5,,,,,2026-01-05T06:32:45.718013
115000,4.058904,57.91,235.5,0.7500,0.1429,57.92,0.6048,0.5898,2026-01-05T06:32:56.262154
115500,4.150628,63.47,236.5,,,,,2026-01-05T06:33:42.772808
116000,4.404676,81.83,237.6,,,,,2026-01-05T06:34:28.599775
116000,4.404676,81.83,237.6,0.7167,0.0000,59.80,0.6077,0.5925,2026-01-05T06:34:39.008451
116500,4.153278,63.64,238.6,,,,,2026-01-05T06:35:24.183384
117000,4.024431,55.95,239.6,,,,,2026-01-05T06:36:09.843016
117000,4.024431,55.95,239.6,0.7500,0.2857,56.84,0.6447,0.6354,2026-01-05T06:36:20.177409
117500,4.094850,60.03,240.6,,,,,2026-01-05T06:37:06.256438
118000,4.078859,59.08,241.7,,,,,2026-01-05T06:37:47.531428
118000,4.078859,59.08,241.7,0.8167,0.1429,57.41,0.6470,0.6283,2026-01-05T06:37:57.986504
118500,4.120106,61.57,242.7,,,,,2026-01-05T06:38:44.066440
119000,4.350723,77.53,243.7,,,,,2026-01-05T06:39:30.247453
119000,4.350723,77.53,243.7,0.7833,0.1429,56.45,0.6370,0.6466,2026-01-05T06:39:40.665512
119500,4.372078,79.21,244.7,,,,,2026-01-05T06:40:27.115058
120000,4.200169,66.70,245.8,,,,,2026-01-05T06:41:12.143751
120000,4.200169,66.70,245.8,0.7833,0.1429,55.29,0.6328,0.6386,2026-01-05T06:41:22.649478
120500,4.093296,59.94,246.8,,,,,2026-01-05T06:42:00.020714
121000,4.208570,67.26,247.8,,,,,2026-01-05T06:42:36.565781
121000,4.208570,67.26,247.8,0.7833,0.1429,54.02,0.6503,0.6425,2026-01-05T06:42:46.945404
121500,4.196389,66.45,248.8,,,,,2026-01-05T06:43:33.674017
122000,4.122747,61.73,249.9,,,,,2026-01-05T06:44:20.109909
122000,4.122747,61.73,249.9,0.8000,0.1429,55.40,0.6564,0.6571,2026-01-05T06:44:30.377697
122500,3.790760,44.29,250.9,,,,,2026-01-05T06:45:16.473268
123000,4.045693,57.15,251.9,,,,,2026-01-05T06:46:02.407493
123000,4.045693,57.15,251.9,0.7667,0.2857,55.73,0.6325,0.6294,2026-01-05T06:46:12.754576
123500,4.230854,68.78,252.9,,,,,2026-01-05T06:46:58.119735
124000,3.808381,45.08,254.0,,,,,2026-01-05T06:47:44.150537
124000,3.808381,45.08,254.0,0.7667,0.2857,57.65,0.6090,0.6026,2026-01-05T06:47:54.570129
124500,3.959804,52.45,255.0,,,,,2026-01-05T06:48:41.082106
125000,4.022336,55.83,256.0,,,,,2026-01-05T06:49:26.999462
125000,4.022336,55.83,256.0,0.7833,0.0000,55.99,0.6497,0.6471,2026-01-05T06:49:37.434776
125500,4.331575,76.06,257.0,,,,,2026-01-05T06:50:25.672916
126000,4.146442,63.21,258.0,,,,,2026-01-05T06:51:12.228677
126000,4.146442,63.21,258.0,0.8000,0.0000,55.05,0.6154,0.6044,2026-01-05T06:51:22.532725
126500,4.175369,65.06,259.1,,,,,2026-01-05T06:52:09.103269
127000,4.021485,55.78,260.1,,,,,2026-01-05T06:52:54.884293
127000,4.021485,55.78,260.1,0.7667,0.1429,54.76,0.6189,0.6068,2026-01-05T06:53:05.179003
127500,3.948935,51.88,261.1,,,,,2026-01-05T06:53:51.687754
128000,4.356971,78.02,262.1,,,,,2026-01-05T06:54:37.858280
128000,4.356971,78.02,262.1,0.8167,0.1429,52.86,0.6079,0.6031,2026-01-05T06:54:48.267529
128500,3.935092,51.17,263.2,,,,,2026-01-05T06:55:32.974207
129000,4.240655,69.45,264.2,,,,,2026-01-05T06:56:18.159355
129000,4.240655,69.45,264.2,0.7167,0.1429,53.82,0.6448,0.6390,2026-01-05T06:56:28.514435
129500,3.671266,39.30,265.2,,,,,2026-01-05T06:57:14.664198
130000,3.700351,40.46,266.2,,,,,2026-01-05T06:57:59.757492
130000,3.700351,40.46,266.2,0.7667,0.0000,55.76,0.6398,0.6257,2026-01-05T06:58:10.154317
130500,4.174273,64.99,267.3,,,,,2026-01-05T06:58:56.527656
131000,4.084214,59.40,268.3,,,,,2026-01-05T06:59:42.014716
131000,4.084214,59.40,268.3,0.7833,0.1429,53.68,0.6303,0.6371,2026-01-05T06:59:52.159745
131500,4.249788,70.09,269.3,,,,,2026-01-05T07:00:39.387697
132000,4.029965,56.26,270.3,,,,,2026-01-05T07:01:24.936570
132000,4.029965,56.26,270.3,0.7667,0.2857,55.11,0.6378,0.6273,2026-01-05T07:01:35.304786
132500,4.120085,61.56,271.4,,,,,2026-01-05T07:02:22.271941
133000,3.883971,48.62,272.4,,,,,2026-01-05T07:03:08.471830
133000,3.883971,48.62,272.4,0.7833,0.2857,54.31,0.6136,0.6069,2026-01-05T07:03:18.821891
133500,4.221385,68.13,273.4,,,,,2026-01-05T07:04:04.078930
134000,0.000025,1.00,274.4,,,,,2026-01-05T07:04:49.614517
134000,0.000025,1.00,274.4,0.7833,0.1429,75.71,0.6143,0.6047,2026-01-05T07:05:00.198634
134500,0.000000,1.00,275.5,,,,,2026-01-05T07:05:46.398953
135000,4.065484,58.29,276.5,,,,,2026-01-05T07:06:35.428523
135000,4.065484,58.29,276.5,0.7333,0.1429,59.78,0.6188,0.6126,2026-01-05T07:06:45.878904
135500,4.359243,78.20,277.5,,,,,2026-01-05T07:07:33.971262
136000,3.931459,50.98,278.5,,,,,2026-01-05T07:08:23.197739
136000,3.931459,50.98,278.5,0.7167,0.1429,56.48,0.6027,0.5970,2026-01-05T07:08:33.678716
136500,4.074002,58.79,279.6,,,,,2026-01-05T07:09:24.857569
137000,4.082435,59.29,280.6,,,,,2026-01-05T07:10:12.800215
137000,4.082435,59.29,280.6,0.8167,0.1429,55.45,0.6544,0.6521,2026-01-05T07:10:23.248434
137500,4.113620,61.17,281.6,,,,,2026-01-05T07:11:09.396644
138000,4.332683,76.15,282.6,,,,,2026-01-05T07:11:55.086042
138000,4.332683,76.15,282.6,0.7500,0.1429,56.09,0.6502,0.6350,2026-01-05T07:12:05.462931
138500,4.204585,66.99,283.6,,,,,2026-01-05T07:12:51.812968
139000,4.396505,81.17,284.7,,,,,2026-01-05T07:13:37.344808
139000,4.396505,81.17,284.7,0.7667,0.1429,57.25,0.6149,0.6324,2026-01-05T07:13:47.787732
139500,4.425663,83.57,285.7,,,,,2026-01-05T07:14:33.888901
140000,3.802493,44.81,286.7,,,,,2026-01-05T07:15:19.296407
140000,3.802493,44.81,286.7,0.7667,0.0000,56.55,0.6397,0.6403,2026-01-05T07:15:29.668257
140500,3.795753,44.51,287.7,,,,,2026-01-05T07:16:15.903082
141000,4.003717,54.80,288.8,,,,,2026-01-05T07:17:01.303727
141000,4.003717,54.80,288.8,0.8167,0.1429,55.27,0.6292,0.6185,2026-01-05T07:17:11.499283
141500,3.908580,49.83,289.8,,,,,2026-01-05T07:17:57.599004
142000,3.923879,50.60,290.8,,,,,2026-01-05T07:18:47.334158
142000,3.923879,50.60,290.8,0.7667,0.2857,54.09,0.6360,0.6182,2026-01-05T07:18:57.635035
142500,3.709203,40.82,291.8,,,,,2026-01-05T07:19:43.753021
143000,4.501620,90.16,292.9,,,,,2026-01-05T07:20:29.027735
143000,4.501620,90.16,292.9,0.7167,0.2857,55.04,0.6129,0.6022,2026-01-05T07:20:39.252940
143500,3.880057,48.43,293.9,,,,,2026-01-05T07:21:25.863613
144000,3.968724,52.92,294.9,,,,,2026-01-05T07:22:11.654103
144000,3.968724,52.92,294.9,0.7667,0.0000,53.06,0.6487,0.6367,2026-01-05T07:22:22.079211
144500,4.154000,63.69,295.9,,,,,2026-01-05T07:23:08.466205
145000,4.088395,59.64,297.0,,,,,2026-01-05T07:23:54.077913
145000,4.088395,59.64,297.0,0.7667,0.1429,54.13,0.6207,0.6017,2026-01-05T07:24:04.320022
145500,4.030220,56.27,298.0,,,,,2026-01-05T07:24:49.967520
146000,4.017104,55.54,299.0,,,,,2026-01-05T07:25:34.075098
146000,4.017104,55.54,299.0,0.7667,0.0000,53.06,0.6151,0.5980,2026-01-05T07:25:44.341720
146500,4.165966,64.45,300.0,,,,,2026-01-05T07:26:30.661322
147000,3.816260,45.43,301.1,,,,,2026-01-05T07:27:16.204772
147000,3.816260,45.43,301.1,0.8000,0.1429,53.53,0.6280,0.6182,2026-01-05T07:27:26.477418
147500,4.288554,72.86,302.1,,,,,2026-01-05T07:28:14.124766
148000,4.386042,80.32,303.1,,,,,2026-01-05T07:29:02.806892
148000,4.386042,80.32,303.1,0.8000,0.1429,56.08,0.6335,0.6181,2026-01-05T07:29:13.265558
148500,3.852538,47.11,304.1,,,,,2026-01-05T07:29:59.233400
149000,3.955081,52.20,305.2,,,,,2026-01-05T07:30:44.334816
149000,3.955081,52.20,305.2,0.7500,0.1429,52.08,0.6332,0.6217,2026-01-05T07:30:54.679527
149500,3.964546,52.70,306.2,,,,,2026-01-05T07:31:43.171372
150000,3.786620,44.11,307.2,,,,,2026-01-05T07:32:29.238082
150000,3.786620,44.11,307.2,0.7333,0.1429,53.89,0.6100,0.6061,2026-01-05T07:32:39.634110
150500,4.179768,65.35,308.2,,,,,2026-01-05T07:33:25.579336
151000,3.882869,48.56,309.2,,,,,2026-01-05T07:34:12.636302
151000,3.882869,48.56,309.2,0.7667,0.1429,53.72,0.6408,0.6288,2026-01-05T07:34:22.917324
151500,3.920529,50.43,310.3,,,,,2026-01-05T07:35:08.946499
152000,4.061809,58.08,311.3,,,,,2026-01-05T07:35:54.053351
152000,4.061809,58.08,311.3,0.7500,0.1429,53.30,0.6492,0.6435,2026-01-05T07:36:04.408958
152500,4.462895,86.74,312.3,,,,,2026-01-05T07:36:50.295746
153000,3.962109,52.57,313.3,,,,,2026-01-05T07:37:35.520181
153000,3.962109,52.57,313.3,0.7500,0.1429,51.33,0.5978,0.5847,2026-01-05T07:37:45.909853
153500,3.961940,52.56,314.4,,,,,2026-01-05T07:38:32.318677
154000,4.035891,56.59,315.4,,,,,2026-01-05T07:39:17.219241
154000,4.035891,56.59,315.4,0.7500,0.2857,51.56,0.6154,0.6077,2026-01-05T07:39:27.587835
154500,4.058460,57.89,316.4,,,,,2026-01-05T07:40:13.645397
155000,4.195836,66.41,317.4,,,,,2026-01-05T07:40:59.054291
155000,4.195836,66.41,317.4,0.8500,0.2857,52.15,0.6434,0.6348,2026-01-05T07:41:09.390876
155500,4.366633,78.78,318.5,,,,,2026-01-05T07:41:59.434548
156000,4.155025,63.75,319.5,,,,,2026-01-05T07:42:44.496828
156000,4.155025,63.75,319.5,0.7833,0.1429,53.21,0.6420,0.6235,2026-01-05T07:42:54.865944
156500,3.905636,49.68,320.5,,,,,2026-01-05T07:43:38.061408
157000,4.392166,80.82,321.5,,,,,2026-01-05T07:44:22.504086
157000,4.392166,80.82,321.5,0.8333,0.4286,53.40,0.6058,0.5974,2026-01-05T07:44:32.853505
157500,4.436214,84.45,322.6,,,,,2026-01-05T07:45:18.842653
158000,4.406311,81.97,323.6,,,,,2026-01-05T07:46:04.097778
158000,4.406311,81.97,323.6,0.8167,0.1429,56.00,0.6681,0.6706,2026-01-05T07:46:14.620903
158500,4.070886,58.61,324.6,,,,,2026-01-05T07:47:06.134705
159000,4.117323,61.39,325.6,,,,,2026-01-05T07:47:53.256737
159000,4.117323,61.39,325.6,0.8000,0.0000,52.68,0.6489,0.6426,2026-01-05T07:48:03.703501
159500,3.862829,47.60,326.7,,,,,2026-01-05T07:48:48.984198
160000,3.896161,49.21,327.7,,,,,2026-01-05T07:49:29.785476
160000,3.896161,49.21,327.7,0.8167,0.2857,51.70,0.6332,0.6377,2026-01-05T07:49:40.210516
160500,4.009954,55.14,328.7,,,,,2026-01-05T07:50:30.752361
161000,3.804055,44.88,329.7,,,,,2026-01-05T07:51:16.494461
161000,3.804055,44.88,329.7,0.8167,0.1429,52.31,0.6269,0.6096,2026-01-05T07:51:26.981689
161500,3.523465,33.90,330.8,,,,,2026-01-05T07:52:14.198319
162000,4.156725,63.86,331.8,,,,,2026-01-05T07:52:58.556676
162000,4.156725,63.86,331.8,0.7167,0.2857,53.83,0.6139,0.6000,2026-01-05T07:53:08.925611
162500,3.945222,51.69,332.8,,,,,2026-01-05T07:53:55.520180
163000,4.043461,57.02,333.8,,,,,2026-01-05T07:54:41.014357
163000,4.043461,57.02,333.8,0.8500,0.1429,51.25,0.6278,0.6309,2026-01-05T07:54:51.325502
163500,3.970983,53.04,334.8,,,,,2026-01-05T07:55:39.934356
164000,3.757426,42.84,335.9,,,,,2026-01-05T07:56:31.325056
164000,3.757426,42.84,335.9,0.8167,0.2857,53.35,0.6182,0.6031,2026-01-05T07:56:41.702767
164500,4.377749,79.66,336.9,,,,,2026-01-05T07:57:27.904704
165000,4.148948,63.37,337.9,,,,,2026-01-05T07:58:14.019585
165000,4.148948,63.37,337.9,0.7500,0.1429,51.53,0.6113,0.6036,2026-01-05T07:58:24.401016
165500,4.384581,80.20,338.9,,,,,2026-01-05T07:59:10.343882
166000,4.189313,65.98,340.0,,,,,2026-01-05T07:59:55.584391
166000,4.189313,65.98,340.0,0.8167,0.1429,51.44,0.6153,0.5961,2026-01-05T08:00:05.937119
166500,3.754570,42.72,341.0,,,,,2026-01-05T08:00:51.877877
167000,4.123335,61.76,342.0,,,,,2026-01-05T08:01:37.054206
167000,4.123335,61.76,342.0,0.7667,0.1429,52.72,0.5966,0.5717,2026-01-05T08:01:47.523369
167500,4.147190,63.26,343.0,,,,,2026-01-05T08:02:33.241082
168000,4.193229,66.24,344.1,,,,,2026-01-05T08:03:18.310093
168000,4.193229,66.24,344.1,0.8167,0.1429,52.61,0.6335,0.6348,2026-01-05T08:03:28.764767
168500,4.277565,72.06,345.1,,,,,2026-01-05T08:04:14.595666
169000,4.025589,56.01,346.1,,,,,2026-01-05T08:04:59.784745
169000,4.025589,56.01,346.1,0.8000,0.1429,52.17,0.6526,0.6402,2026-01-05T08:05:10.107285
169500,4.016819,55.52,347.1,,,,,2026-01-05T08:05:56.136638
170000,3.995945,54.38,348.2,,,,,2026-01-05T08:06:41.402075
170000,3.995945,54.38,348.2,0.8167,0.1429,49.87,0.6547,0.6450,2026-01-05T08:06:51.805893
170500,4.239194,69.35,349.2,,,,,2026-01-05T08:07:37.864262
171000,4.216347,67.79,350.2,,,,,2026-01-05T08:08:23.166941
171000,4.216347,67.79,350.2,0.8167,0.0000,51.01,0.6352,0.6255,2026-01-05T08:08:33.633358
171500,3.176925,23.97,351.2,,,,,2026-01-05T08:09:20.118718
172000,4.185932,65.75,352.3,,,,,2026-01-05T08:10:05.942500
172000,4.185932,65.75,352.3,0.8167,0.1429,30.79,0.6267,0.6133,2026-01-05T08:10:16.360807
172500,4.260335,70.83,353.3,,,,,2026-01-05T08:11:02.730733
173000,3.897768,49.29,354.3,,,,,2026-01-05T08:11:48.167600
173000,3.897768,49.29,354.3,0.8000,0.1429,38.41,0.6609,0.6488,2026-01-05T08:11:58.500542
173500,3.795984,44.52,355.3,,,,,2026-01-05T08:12:45.035594
174000,3.845041,46.76,356.4,,,,,2026-01-05T08:13:30.940890
174000,3.845041,46.76,356.4,0.8167,0.1429,42.25,0.6364,0.6386,2026-01-05T08:13:41.448142
174500,4.314028,74.74,357.4,,,,,2026-01-05T08:14:27.019703
175000,3.445636,31.36,358.4,,,,,2026-01-05T08:15:12.416059
175000,3.445636,31.36,358.4,0.7833,0.2857,43.10,0.6752,0.6584,2026-01-05T08:15:22.830699
175500,4.288382,72.85,359.4,,,,,2026-01-05T08:16:07.981085
176000,3.969953,52.98,360.4,,,,,2026-01-05T08:16:53.565414
176000,3.969953,52.98,360.4,0.8333,0.0000,45.49,0.6207,0.6149,2026-01-05T08:17:03.860155
176500,4.120599,61.60,361.5,,,,,2026-01-05T08:17:50.597591
177000,3.527943,34.05,362.5,,,,,2026-01-05T08:18:39.653048
177000,3.527943,34.05,362.5,0.7833,0.2857,48.01,0.6334,0.6183,2026-01-05T08:18:50.088836
177500,3.487790,32.71,363.5,,,,,2026-01-05T08:19:38.805649
178000,4.296680,73.46,364.5,,,,,2026-01-05T08:20:23.891069
178000,4.296680,73.46,364.5,0.8167,0.1429,45.77,0.6383,0.6282,2026-01-05T08:20:34.314325
178500,5.034735,153.66,365.6,,,,,2026-01-05T08:21:20.424731
179000,3.851113,47.05,366.6,,,,,2026-01-05T08:22:06.356683
179000,3.851113,47.05,366.6,0.8333,0.1429,46.59,0.6533,0.6445,2026-01-05T08:22:16.705526
179500,4.247649,69.94,367.6,,,,,2026-01-05T08:23:02.960870
180000,4.006598,54.96,368.6,,,,,2026-01-05T08:23:50.173291
180000,4.006598,54.96,368.6,0.7833,0.1429,48.51,0.6226,0.6184,2026-01-05T08:24:00.511051
180500,4.616400,101.13,369.7,,,,,2026-01-05T08:24:46.915092
181000,4.139946,62.80,370.7,,,,,2026-01-05T08:25:32.419014
181000,4.139946,62.80,370.7,0.8500,0.1429,47.27,0.6123,0.6215,2026-01-05T08:25:42.681436
181500,3.885345,48.68,371.7,,,,,2026-01-05T08:26:28.857717
182000,4.298635,73.60,372.7,,,,,2026-01-05T08:27:14.234098
182000,4.298635,73.60,372.7,0.7500,0.1429,47.85,0.6259,0.6406,2026-01-05T08:27:24.668990
182500,3.909213,49.86,373.8,,,,,2026-01-05T08:28:10.877763
183000,4.147135,63.25,374.8,,,,,2026-01-05T08:28:56.698919
183000,4.147135,63.25,374.8,0.8000,0.2857,48.59,0.6568,0.6519,2026-01-05T08:29:07.223128
183500,3.902199,49.51,375.8,,,,,2026-01-05T08:29:59.542061
184000,0.000000,1.00,376.8,,,,,2026-01-05T08:30:45.525772
184000,0.000000,1.00,376.8,0.8000,0.1429,56.23,0.6216,0.6084,2026-01-05T08:30:56.069155
184500,0.000000,1.00,377.9,,,,,2026-01-05T08:31:44.217702
185000,4.327043,75.72,378.9,,,,,2026-01-05T08:32:29.709386
185000,4.327043,75.72,378.9,0.7667,0.1429,53.14,0.6336,0.6515,2026-01-05T08:32:40.202556
185500,4.196753,66.47,379.9,,,,,2026-01-05T08:33:26.564966
186000,4.229414,68.68,380.9,,,,,2026-01-05T08:34:12.028339
186000,4.229414,68.68,380.9,0.8333,0.2857,48.82,0.6535,0.6473,2026-01-05T08:34:22.590499
186500,4.300673,73.75,382.0,,,,,2026-01-05T08:35:08.847925
187000,3.995621,54.36,383.0,,,,,2026-01-05T08:35:54.341309
187000,3.995621,54.36,383.0,0.7833,0.1429,50.21,0.6517,0.6396,2026-01-05T08:36:04.826866
187500,4.011298,55.22,384.0,,,,,2026-01-05T08:36:51.051986
188000,4.069113,58.51,385.0,,,,,2026-01-05T08:37:36.755289
188000,4.069113,58.51,385.0,0.7500,0.1429,47.92,0.6744,0.6630,2026-01-05T08:37:47.032084
188500,3.961356,52.53,386.0,,,,,2026-01-05T08:38:33.358505
189000,3.955039,52.20,387.1,,,,,2026-01-05T08:39:18.684738
189000,3.955039,52.20,387.1,0.8333,0.1429,49.74,0.6404,0.6208,2026-01-05T08:39:28.965660
189500,4.023310,55.89,388.1,,,,,2026-01-05T08:40:15.415876
190000,4.119716,61.54,389.1,,,,,2026-01-05T08:41:00.666915
190000,4.119716,61.54,389.1,0.7500,0.1429,49.98,0.6567,0.6382,2026-01-05T08:41:11.005015
190500,3.958551,52.38,390.1,,,,,2026-01-05T08:41:57.394990
191000,4.278052,72.10,391.2,,,,,2026-01-05T08:42:42.763308
191000,4.278052,72.10,391.2,0.7833,0.1429,48.43,0.6237,0.6132,2026-01-05T08:42:53.177988
191500,3.934952,51.16,392.2,,,,,2026-01-05T08:43:39.255522
192000,4.101264,60.42,393.2,,,,,2026-01-05T08:44:25.103833
192000,4.101264,60.42,393.2,0.8500,0.1429,47.83,0.6459,0.6337,2026-01-05T08:44:35.424371
192500,4.062773,58.14,394.2,,,,,2026-01-05T08:45:22.180156
193000,4.110983,61.01,395.3,,,,,2026-01-05T08:46:07.226064
193000,4.110983,61.01,395.3,0.8000,0.1429,50.27,0.6393,0.6279,2026-01-05T08:46:17.565734
193500,3.978227,53.42,396.3,,,,,2026-01-05T08:47:03.803594
194000,4.070965,58.61,397.3,,,,,2026-01-05T08:47:49.177968
194000,4.070965,58.61,397.3,0.8167,0.1429,49.43,0.6321,0.6230,2026-01-05T08:47:59.537264
194500,4.040761,56.87,398.3,,,,,2026-01-05T08:48:45.822757
195000,4.256441,70.56,399.4,,,,,2026-01-05T08:49:30.914741
195000,4.256441,70.56,399.4,0.7667,0.1429,47.59,0.6271,0.6059,2026-01-05T08:49:41.177409
195500,4.006089,54.93,400.4,,,,,2026-01-05T08:50:27.366498
196000,4.303694,73.97,401.4,,,,,2026-01-05T08:51:12.947437
196000,4.303694,73.97,401.4,0.8333,0.1429,47.96,0.6081,0.5878,2026-01-05T08:51:23.289539
196500,3.702792,40.56,402.4,,,,,2026-01-05T08:52:09.668161
197000,3.948712,51.87,403.5,,,,,2026-01-05T08:52:58.951949
197000,3.948712,51.87,403.5,0.8167,0.1429,50.18,0.6425,0.6242,2026-01-05T08:53:09.287213
197500,3.825766,45.87,404.5,,,,,2026-01-05T08:53:55.901287
198000,4.325458,75.60,405.5,,,,,2026-01-05T08:54:45.776932
198000,4.325458,75.60,405.5,0.8333,0.2857,48.93,0.6190,0.5928,2026-01-05T08:54:57.467347
198500,3.827104,45.93,406.5,,,,,2026-01-05T08:55:44.213381
199000,3.953447,52.11,407.6,,,,,2026-01-05T08:56:29.717713
199000,3.953447,52.11,407.6,0.8500,0.2857,49.83,0.6384,0.6342,2026-01-05T08:56:41.323633
199500,4.091925,59.86,408.6,,,,,2026-01-05T08:57:27.710762
200000,4.146919,63.24,409.6,,,,,2026-01-05T08:58:13.204421
200000,4.146919,63.24,409.6,0.8000,0.0000,50.20,0.6418,0.6497,2026-01-05T08:58:23.550784
200500,3.818961,45.56,410.6,,,,,2026-01-05T08:59:09.647617
201000,2.986799,19.82,411.6,,,,,2026-01-05T08:59:54.949835
201000,2.986799,19.82,411.6,0.8167,0.0000,50.37,0.6357,0.6227,2026-01-05T09:00:05.204471
201500,4.127005,61.99,412.7,,,,,2026-01-05T09:00:48.114336
202000,4.099024,60.28,413.7,,,,,2026-01-05T09:01:33.531011
202000,4.099024,60.28,413.7,0.7667,0.0000,48.12,0.6377,0.6275,2026-01-05T09:01:44.006573
202500,4.163963,64.33,414.7,,,,,2026-01-05T09:02:30.693196
203000,3.694099,40.21,415.7,,,,,2026-01-05T09:03:16.279298
203000,3.694099,40.21,415.7,0.8333,0.1429,50.59,0.6294,0.6117,2026-01-05T09:03:26.843534
203500,4.195728,66.40,416.8,,,,,2026-01-05T09:04:13.409882
204000,3.851587,47.07,417.8,,,,,2026-01-05T09:04:59.266128
204000,3.851587,47.07,417.8,0.8000,0.2857,47.74,0.6204,0.6224,2026-01-05T09:05:09.638812
204500,4.235994,69.13,418.8,,,,,2026-01-05T09:05:55.837266
205000,3.970177,52.99,419.8,,,,,2026-01-05T09:06:40.893328
205000,3.970177,52.99,419.8,0.8000,0.1429,47.64,0.6105,0.6087,2026-01-05T09:06:51.250763
205500,4.039117,56.78,420.9,,,,,2026-01-05T09:07:38.971752
206000,3.992543,54.19,421.9,,,,,2026-01-05T09:08:26.672864
206000,3.992543,54.19,421.9,0.7333,0.2857,50.31,0.6268,0.6331,2026-01-05T09:08:37.077049
206500,3.911210,49.96,422.9,,,,,2026-01-05T09:09:22.970020
207000,2.160531,8.68,423.9,,,,,2026-01-05T09:10:08.067078
207000,2.160531,8.68,423.9,0.7667,0.0000,55.61,0.6355,0.6185,2026-01-05T09:10:19.215865
207500,3.975354,53.27,425.0,,,,,2026-01-05T09:11:05.502732
208000,3.984689,53.77,426.0,,,,,2026-01-05T09:11:50.961984
208000,3.984689,53.77,426.0,0.7500,0.1429,49.25,0.6262,0.6155,2026-01-05T09:12:01.578721
208500,3.909758,49.89,427.0,,,,,2026-01-05T09:12:47.828698
209000,3.907733,49.79,428.0,,,,,2026-01-05T09:13:33.210566
209000,3.907733,49.79,428.0,0.8000,0.1429,49.03,0.6420,0.6315,2026-01-05T09:13:43.450836
209500,4.233744,68.98,429.1,,,,,2026-01-05T09:14:29.649466
210000,4.014173,55.38,430.1,,,,,2026-01-05T09:15:15.115333
210000,4.014173,55.38,430.1,0.8333,0.1429,48.84,0.6592,0.6495,2026-01-05T09:15:25.427761
210500,3.900488,49.43,431.1,,,,,2026-01-05T09:16:11.542862
211000,4.115826,61.30,432.1,,,,,2026-01-05T09:16:56.878562
211000,4.115826,61.30,432.1,0.8500,0.1429,48.52,0.6153,0.6253,2026-01-05T09:17:07.143935
211500,4.131845,62.29,433.2,,,,,2026-01-05T09:17:53.306515
212000,4.278472,72.13,434.2,,,,,2026-01-05T09:18:38.750218
212000,4.278472,72.13,434.2,0.8000,0.2857,48.80,0.6236,0.6234,2026-01-05T09:18:49.193986
212500,4.290631,73.01,435.2,,,,,2026-01-05T09:19:35.507956
213000,3.926712,50.74,436.2,,,,,2026-01-05T09:20:20.876398
213000,3.926712,50.74,436.2,0.8500,0.1429,48.43,0.6353,0.6515,2026-01-05T09:20:31.266608
213500,3.816983,45.47,437.2,,,,,2026-01-05T09:21:17.414649
214000,4.261552,70.92,438.3,,,,,2026-01-05T09:22:02.677646
214000,4.261552,70.92,438.3,0.7667,0.2857,48.98,0.6259,0.6238,2026-01-05T09:22:13.027820
214500,3.920445,50.42,439.3,,,,,2026-01-05T09:22:59.164788
215000,4.166232,64.47,440.3,,,,,2026-01-05T09:23:44.544215
215000,4.166232,64.47,440.3,0.8333,0.1429,48.94,0.6535,0.6482,2026-01-05T09:23:54.923412
215500,4.155068,63.76,441.3,,,,,2026-01-05T09:24:41.216925
216000,4.015074,55.43,442.4,,,,,2026-01-05T09:25:26.486209
216000,4.015074,55.43,442.4,0.8333,0.1429,49.99,0.6480,0.6364,2026-01-05T09:25:36.901532
216500,4.274509,71.84,443.4,,,,,2026-01-05T09:26:23.162881
217000,4.010353,55.17,444.4,,,,,2026-01-05T09:27:08.571237
217000,4.010353,55.17,444.4,0.8500,0.1429,47.36,0.6558,0.6513,2026-01-05T09:27:19.051972
217500,3.965296,52.74,445.4,,,,,2026-01-05T09:28:05.376667
218000,4.282493,72.42,446.5,,,,,2026-01-05T09:28:50.748578
218000,4.282493,72.42,446.5,0.7333,0.0000,47.80,0.5920,0.5970,2026-01-05T09:29:01.220006
218500,4.042375,56.96,447.5,,,,,2026-01-05T09:29:47.404662
219000,4.098855,60.27,448.5,,,,,2026-01-05T09:30:32.787885
219000,4.098855,60.27,448.5,0.7833,0.2857,48.28,0.6041,0.5996,2026-01-05T09:30:43.097236
219500,4.638646,103.40,449.5,,,,,2026-01-05T09:31:29.214867
220000,4.026505,56.06,450.6,,,,,2026-01-05T09:32:14.653919
220000,4.026505,56.06,450.6,0.7333,0.0000,49.76,0.6185,0.6209,2026-01-05T09:32:25.110052
220500,4.020280,55.72,451.6,,,,,2026-01-05T09:33:11.575725
221000,3.738726,42.04,452.6,,,,,2026-01-05T09:33:57.946677
221000,3.738726,42.04,452.6,0.7833,0.1429,49.59,0.6385,0.6282,2026-01-05T09:34:08.280260
221500,3.744940,42.31,453.6,,,,,2026-01-05T09:34:54.388593
222000,4.504378,90.41,454.7,,,,,2026-01-05T09:35:39.811395
222000,4.504378,90.41,454.7,0.7500,0.1429,53.80,0.6576,0.6656,2026-01-05T09:35:50.755449
222500,4.304739,74.05,455.7,,,,,2026-01-05T09:36:36.795163
223000,4.067738,58.42,456.7,,,,,2026-01-05T09:37:22.253734
223000,4.067738,58.42,456.7,0.8333,0.0000,51.03,0.6352,0.6401,2026-01-05T09:37:32.741946
223500,3.805997,44.97,457.7,,,,,2026-01-05T09:38:18.800686
224000,4.024339,55.94,458.8,,,,,2026-01-05T09:39:04.059826
224000,4.024339,55.94,458.8,0.7667,0.1429,48.27,0.6427,0.6432,2026-01-05T09:39:14.564345
224500,3.920733,50.44,459.8,,,,,2026-01-05T09:40:00.749821
225000,4.034116,56.49,460.8,,,,,2026-01-05T09:40:46.125838
225000,4.034116,56.49,460.8,0.7667,0.1429,48.15,0.6615,0.6698,2026-01-05T09:40:56.573828
225500,3.910150,49.91,461.8,,,,,2026-01-05T09:41:42.888970
226000,3.939580,51.40,462.8,,,,,2026-01-05T09:42:28.323833
226000,3.939580,51.40,462.8,0.7833,0.4286,48.24,0.6570,0.6641,2026-01-05T09:42:38.644084
226500,3.620432,37.35,463.9,,,,,2026-01-05T09:43:24.801198
227000,3.777811,43.72,464.9,,,,,2026-01-05T09:44:10.492782
227000,3.777811,43.72,464.9,0.8333,0.1429,49.26,0.6425,0.6482,2026-01-05T09:44:21.039004
227500,3.693836,40.20,465.9,,,,,2026-01-05T09:45:07.151488
228000,4.051785,57.50,466.9,,,,,2026-01-05T09:45:52.388725
228000,4.051785,57.50,466.9,0.7500,0.2857,47.87,0.6292,0.6100,2026-01-05T09:46:02.930832
228500,3.887206,48.77,468.0,,,,,2026-01-05T09:46:49.153925
229000,3.995781,54.37,469.0,,,,,2026-01-05T09:47:33.908880
229000,3.995781,54.37,469.0,0.7833,0.2857,48.13,0.6481,0.6521,2026-01-05T09:47:44.339869
229500,3.932285,51.02,470.0,,,,,2026-01-05T09:48:26.465529
230000,3.938860,51.36,471.0,,,,,2026-01-05T09:49:12.205950
230000,3.938860,51.36,471.0,0.7833,0.1429,48.98,0.6291,0.6240,2026-01-05T09:49:22.541048
230500,3.907454,49.77,472.1,,,,,2026-01-05T09:50:08.143976
231000,4.099838,60.33,473.1,,,,,2026-01-05T09:50:53.275524
231000,4.099838,60.33,473.1,0.7667,0.2857,47.80,0.6290,0.6474,2026-01-05T09:51:03.811124
231500,3.776782,43.68,474.1,,,,,2026-01-05T09:51:50.148116
232000,2.528150,12.53,475.1,,,,,2026-01-05T09:52:35.728401
232000,2.528150,12.53,475.1,0.8167,0.1429,58.08,0.6144,0.6052,2026-01-05T09:52:46.419054
232500,4.189781,66.01,476.2,,,,,2026-01-05T09:53:32.529133
233000,3.795915,44.52,477.2,,,,,2026-01-05T09:54:17.859568
233000,3.795915,44.52,477.2,0.8167,0.2857,48.28,0.5933,0.6089,2026-01-05T09:54:28.538653
233500,4.053905,57.62,478.2,,,,,2026-01-05T09:55:14.608483
234000,3.999762,54.59,479.2,,,,,2026-01-05T09:55:59.879156
234000,3.999762,54.59,479.2,0.8333,0.4286,47.37,0.6233,0.6103,2026-01-05T09:56:10.952934
234500,3.602523,36.69,480.3,,,,,2026-01-05T09:56:57.180291
235000,3.933144,51.07,481.3,,,,,2026-01-05T09:57:42.496115
235000,3.933144,51.07,481.3,0.8167,0.1429,47.79,0.6163,0.5990,2026-01-05T09:57:52.896962
235500,3.967452,52.85,482.3,,,,,2026-01-05T09:58:37.971996
236000,4.081435,59.23,483.3,,,,,2026-01-05T09:59:22.863392
236000,4.081435,59.23,483.3,0.8333,0.1429,49.14,0.6104,0.6177,2026-01-05T09:59:33.457265
236500,4.041698,56.92,484.4,,,,,2026-01-05T10:00:19.992041
237000,3.969957,52.98,485.4,,,,,2026-01-05T10:01:05.515035
237000,3.969957,52.98,485.4,0.8333,0.2857,48.07,0.6196,0.6214,2026-01-05T10:01:17.507420
237500,4.429538,83.89,486.4,,,,,2026-01-05T10:02:03.887880
238000,3.674212,39.42,487.4,,,,,2026-01-05T10:02:49.552971
238000,3.674212,39.42,487.4,0.8167,0.1429,49.52,0.6442,0.6430,2026-01-05T10:03:00.215114
238500,3.628818,37.67,488.4,,,,,2026-01-05T10:03:45.546227
239000,4.347371,77.28,489.5,,,,,2026-01-05T10:04:31.295219
239000,4.347371,77.28,489.5,0.7833,0.1429,48.91,0.6320,0.6310,2026-01-05T10:04:41.802770
239500,4.094132,59.99,490.5,,,,,2026-01-05T10:05:28.324709
240000,3.418892,30.54,491.5,,,,,2026-01-05T10:06:14.121777
240000,3.418892,30.54,491.5,0.7833,0.1429,52.74,0.6728,0.6591,2026-01-05T10:06:24.758460
240500,4.360025,78.26,492.5,,,,,2026-01-05T10:07:16.691212
241000,4.220602,68.07,493.6,,,,,2026-01-05T10:08:01.826104
241000,4.220602,68.07,493.6,0.7667,0.4286,48.23,0.6522,0.6391,2026-01-05T10:08:12.198937
241500,3.933311,51.08,494.6,,,,,2026-01-05T10:08:58.735704
242000,3.841524,46.60,495.6,,,,,2026-01-05T10:09:43.984913
242000,3.841524,46.60,495.6,0.8000,0.1429,47.68,0.6630,0.6606,2026-01-05T10:09:54.470758
242500,4.022468,55.84,496.6,,,,,2026-01-05T10:10:41.005054
243000,4.377881,79.67,497.7,,,,,2026-01-05T10:11:24.794984
243000,4.377881,79.67,497.7,0.8000,0.1429,48.37,0.6447,0.6274,2026-01-05T10:11:35.233672
243500,4.358823,78.17,498.7,,,,,2026-01-05T10:12:21.182308
244000,4.137527,62.65,499.7,,,,,2026-01-05T10:13:06.885535
244000,4.137527,62.65,499.7,0.8333,0.1429,46.89,0.6392,0.6226,2026-01-05T10:13:17.314327
244500,3.790186,44.26,500.7,,,,,2026-01-05T10:14:03.524623
245000,4.185559,65.73,501.8,,,,,2026-01-05T10:14:49.038035
245000,4.185559,65.73,501.8,0.8500,0.1429,46.70,0.6436,0.6275,2026-01-05T10:14:59.373033
245500,3.987581,53.92,502.8,,,,,2026-01-05T10:15:45.823113
246000,4.207562,67.19,503.8,,,,,2026-01-05T10:16:31.342225
246000,4.207562,67.19,503.8,0.8000,0.0000,48.27,0.6329,0.6462,2026-01-05T10:16:41.766303
246500,3.929626,50.89,504.8,,,,,2026-01-05T10:17:27.869324
247000,3.867453,47.82,505.9,,,,,2026-01-05T10:18:13.230908
247000,3.867453,47.82,505.9,0.8333,0.2857,46.12,0.6439,0.6350,2026-01-05T10:18:23.747331
247500,4.060123,57.98,506.9,,,,,2026-01-05T10:19:09.863894
248000,3.908756,49.84,507.9,,,,,2026-01-05T10:19:55.067015
248000,3.908756,49.84,507.9,0.8333,0.1429,49.25,0.6726,0.6570,2026-01-05T10:20:05.327954
248500,4.014610,55.40,508.9,,,,,2026-01-05T10:20:51.449398
249000,4.990157,146.96,510.0,,,,,2026-01-05T10:21:36.749722
249000,4.990157,146.96,510.0,0.7833,0.2857,28.37,0.6365,0.6005,2026-01-05T10:21:47.295607
249500,3.927488,50.78,511.0,,,,,2026-01-05T10:22:33.516237
250000,4.016556,55.51,512.0,,,,,2026-01-05T10:23:19.113452
250000,4.016556,55.51,512.0,0.8667,0.1429,34.02,0.6627,0.6477,2026-01-05T10:23:29.410354
250500,3.820502,45.63,513.0,,,,,2026-01-05T10:24:15.492498
251000,3.928980,50.86,514.0,,,,,2026-01-05T10:25:01.080753
251000,3.928980,50.86,514.0,0.8000,0.1429,37.12,0.6427,0.6241,2026-01-05T10:25:11.333188
251500,4.241501,69.51,515.1,,,,,2026-01-05T10:25:59.636441
252000,3.825489,45.86,516.1,,,,,2026-01-05T10:26:45.361699
252000,3.825489,45.86,516.1,0.6833,0.1429,39.75,0.6644,0.6603,2026-01-05T10:26:55.756327
252500,3.777558,43.71,517.1,,,,,2026-01-05T10:27:45.341090
253000,4.025564,56.01,518.1,,,,,2026-01-05T10:28:31.530746
253000,4.025564,56.01,518.1,0.8333,0.0000,41.47,0.6237,0.6009,2026-01-05T10:28:41.870893
253500,3.777569,43.71,519.2,,,,,2026-01-05T10:29:28.106358
254000,4.453037,85.89,520.2,,,,,2026-01-05T10:30:13.454113
254000,4.453037,85.89,520.2,0.7500,0.0000,44.21,0.6364,0.6202,2026-01-05T10:30:23.862873
254500,4.034874,56.54,521.2,,,,,2026-01-05T10:31:10.004147
255000,3.936148,51.22,522.2,,,,,2026-01-05T10:31:55.841724
255000,3.936148,51.22,522.2,0.8500,0.2857,43.79,0.6561,0.6595,2026-01-05T10:32:06.248656
255500,4.149608,63.41,523.3,,,,,2026-01-05T10:32:52.391368
256000,3.933161,51.07,524.3,,,,,2026-01-05T10:33:38.280842
256000,3.933161,51.07,524.3,0.7833,0.2857,43.71,0.6367,0.6509,2026-01-05T10:33:48.744628
256500,3.877874,48.32,525.3,,,,,2026-01-05T10:34:34.796250
257000,3.595261,36.43,526.3,,,,,2026-01-05T10:35:20.068285
257000,3.595261,36.43,526.3,0.7333,0.2857,43.77,0.6435,0.6343,2026-01-05T10:35:30.586788
257500,4.058062,57.86,527.4,,,,,2026-01-05T10:36:16.301002
258000,3.732062,41.77,528.4,,,,,2026-01-05T10:37:01.867788
258000,3.732062,41.77,528.4,0.7667,0.1429,43.91,0.6524,0.6377,2026-01-05T10:37:12.209384
258500,3.799224,44.67,529.4,,,,,2026-01-05T10:37:58.337067
259000,3.526161,33.99,530.4,,,,,2026-01-05T10:38:43.834254
259000,3.526161,33.99,530.4,0.8167,0.1429,44.66,0.6302,0.6198,2026-01-05T10:38:54.421331
259500,3.267026,26.23,531.5,,,,,2026-01-05T10:39:40.741630
260000,4.279400,72.20,532.5,,,,,2026-01-05T10:40:26.006921
260000,4.279400,72.20,532.5,0.7333,0.2857,44.70,0.6237,0.6175,2026-01-05T10:40:36.495548
260500,4.161360,64.16,533.5,,,,,2026-01-05T10:41:22.732378
261000,3.542602,34.56,534.5,,,,,2026-01-05T10:42:08.147625
261000,3.542602,34.56,534.5,0.9000,0.2857,45.05,0.5988,0.6011,2026-01-05T10:42:18.557154
261500,4.114233,61.21,535.6,,,,,2026-01-05T10:43:04.480688
262000,4.028017,56.15,536.6,,,,,2026-01-05T10:43:49.766369
262000,4.028017,56.15,536.6,0.7833,0.1429,45.36,0.6224,0.6263,2026-01-05T10:44:00.435894
262500,3.806998,45.02,537.6,,,,,2026-01-05T10:44:46.165694
263000,4.266935,71.30,538.6,,,,,2026-01-05T10:45:31.704472
263000,4.266935,71.30,538.6,0.7500,0.1429,45.30,0.6569,0.6607,2026-01-05T10:45:42.237053
263500,3.959713,52.44,539.6,,,,,2026-01-05T10:46:25.368770
264000,4.227968,68.58,540.7,,,,,2026-01-05T10:47:07.752708
264000,4.227968,68.58,540.7,0.8167,0.2857,44.57,0.6108,0.6056,2026-01-05T10:47:18.201773
264500,3.804185,44.89,541.7,,,,,2026-01-05T10:48:04.285703
265000,4.057221,57.81,542.7,,,,,2026-01-05T10:48:49.419734
265000,4.057221,57.81,542.7,0.7167,0.1429,47.87,0.6166,0.6321,2026-01-05T10:48:59.820373
265500,3.526249,34.00,543.7,,,,,2026-01-05T10:49:46.309856
266000,3.890371,48.93,544.8,,,,,2026-01-05T10:50:32.064574
266000,3.890371,48.93,544.8,0.7667,0.1429,45.06,0.6250,0.6076,2026-01-05T10:50:42.489635
266500,3.789506,44.23,545.8,,,,,2026-01-05T10:51:28.818093
267000,3.954835,52.19,546.8,,,,,2026-01-05T10:52:15.586211
267000,3.954835,52.19,546.8,0.8167,0.1429,44.85,0.6384,0.6252,2026-01-05T10:52:26.546100
267500,3.894826,49.15,547.8,,,,,2026-01-05T10:53:12.826476
268000,4.010298,55.16,548.9,,,,,2026-01-05T10:53:58.319906
268000,4.010298,55.16,548.9,0.7833,0.2857,43.94,0.6652,0.6617,2026-01-05T10:54:08.882556
268500,4.756136,116.30,549.9,,,,,2026-01-05T10:54:55.345915
269000,4.133761,62.41,550.9,,,,,2026-01-05T10:55:40.361544
269000,4.133761,62.41,550.9,0.8333,0.1429,44.73,0.5908,0.5759,2026-01-05T10:55:51.438620
269500,3.723836,41.42,551.9,,,,,2026-01-05T10:56:37.287645
270000,4.171471,64.81,553.0,,,,,2026-01-05T10:57:22.415042
270000,4.171471,64.81,553.0,0.8500,0.4286,46.07,0.6636,0.6433,2026-01-05T10:57:32.764780
270500,4.276699,72.00,554.0,,,,,2026-01-05T10:58:19.062885
271000,3.908765,49.84,555.0,,,,,2026-01-05T10:59:04.339187
271000,3.908765,49.84,555.0,0.7167,0.2857,46.37,0.6424,0.6205,2026-01-05T10:59:14.719236
271500,3.928919,50.85,556.0,,,,,2026-01-05T11:00:00.508385
272000,3.935922,51.21,557.1,,,,,2026-01-05T11:00:45.984156
272000,3.935922,51.21,557.1,0.8000,0.0000,44.49,0.6256,0.6356,2026-01-05T11:00:56.885419
272500,3.866321,47.77,558.1,,,,,2026-01-05T11:01:42.903724
273000,3.607812,36.89,559.1,,,,,2026-01-05T11:02:28.018821
273000,3.607812,36.89,559.1,0.8167,0.1429,44.07,0.6203,0.6089,2026-01-05T11:02:38.742615
273500,3.882383,48.54,560.1,,,,,2026-01-05T11:03:24.938727
274000,4.341286,76.81,561.2,,,,,2026-01-05T11:04:09.930860
274000,4.341286,76.81,561.2,0.8667,0.2857,45.83,0.6127,0.6005,2026-01-05T11:04:20.454471
274500,3.776153,43.65,562.2,,,,,2026-01-05T11:05:06.449445
275000,3.819976,45.60,563.2,,,,,2026-01-05T11:05:51.692490
275000,3.819976,45.60,563.2,0.8167,0.2857,46.27,0.6410,0.6233,2026-01-05T11:06:02.104088
275500,4.032335,56.39,564.2,,,,,2026-01-05T11:06:47.842719
276000,3.987312,53.91,565.2,,,,,2026-01-05T11:07:32.650908
276000,3.987312,53.91,565.2,0.8500,0.1429,45.87,0.6265,0.6061,2026-01-05T11:07:43.052853
276500,4.094036,59.98,566.3,,,,,2026-01-05T11:08:30.927444
277000,4.009262,55.11,567.3,,,,,2026-01-05T11:09:16.838775
277000,4.009262,55.11,567.3,0.7667,0.5714,48.48,0.6058,0.5738,2026-01-05T11:09:27.905632
277500,3.590464,36.25,568.3,,,,,2026-01-05T11:10:14.120191
278000,3.918673,50.33,569.3,,,,,2026-01-05T11:10:59.377075
278000,3.918673,50.33,569.3,0.8667,0.2857,46.31,0.5763,0.5743,2026-01-05T11:11:09.742547
278500,3.691715,40.11,570.4,,,,,2026-01-05T11:11:56.204940
279000,3.770365,43.40,571.4,,,,,2026-01-05T11:12:41.482097
279000,3.770365,43.40,571.4,0.8167,0.1429,46.91,0.6445,0.6219,2026-01-05T11:12:51.962095
279500,4.073636,58.77,572.4,,,,,2026-01-05T11:13:38.011639
280000,4.212913,67.55,573.4,,,,,2026-01-05T11:14:23.419975
280000,4.212913,67.55,573.4,0.8500,0.2857,45.57,0.6437,0.6403,2026-01-05T11:14:33.867138
280500,3.766173,43.21,574.5,,,,,2026-01-05T11:15:18.775528
281000,4.072566,58.71,575.5,,,,,2026-01-05T11:16:04.210018
281000,4.072566,58.71,575.5,0.8333,0.4286,46.13,0.6357,0.6340,2026-01-05T11:16:14.554227
281500,0.000000,1.00,576.5,,,,,2026-01-05T11:17:00.957761
282000,0.000000,1.00,577.5,,,,,2026-01-05T11:17:46.443747
282000,0.000000,1.00,577.5,0.8500,0.2857,52.91,0.5962,0.5939,2026-01-05T11:17:57.514393
282500,4.042050,56.94,578.6,,,,,2026-01-05T11:18:43.066093
283000,4.381502,79.96,579.6,,,,,2026-01-05T11:19:28.685306
283000,4.381502,79.96,579.6,0.7500,0.1429,48.25,0.6204,0.6186,2026-01-05T11:19:39.111597
283500,3.922424,50.52,580.6,,,,,2026-01-05T11:20:25.565250
284000,4.051994,57.51,581.6,,,,,2026-01-05T11:21:08.580451
284000,4.051994,57.51,581.6,0.8167,0.1429,47.56,0.6189,0.5999,2026-01-05T11:21:19.022473
284500,3.854336,47.20,582.7,,,,,2026-01-05T11:22:05.577802
285000,3.779552,43.80,583.7,,,,,2026-01-05T11:22:51.092243
285000,3.779552,43.80,583.7,0.7500,0.2857,47.66,0.6239,0.6183,2026-01-05T11:23:01.437184
285500,3.816871,45.46,584.7,,,,,2026-01-05T11:23:47.677109
286000,3.813926,45.33,585.7,,,,,2026-01-05T11:24:33.062127
286000,3.813926,45.33,585.7,0.8500,0.1429,44.90,0.5702,0.5698,2026-01-05T11:24:43.363326
286500,3.807664,45.05,586.8,,,,,2026-01-05T11:25:31.308494
287000,4.168198,64.60,587.8,,,,,2026-01-05T11:26:17.553448
287000,4.168198,64.60,587.8,0.8000,0.2857,48.91,0.6613,0.6582,2026-01-05T11:26:28.020114
287500,3.931349,50.98,588.8,,,,,2026-01-05T11:27:14.360230
288000,3.966242,52.79,589.8,,,,,2026-01-05T11:27:58.355613
288000,3.966242,52.79,589.8,0.7833,0.2857,44.91,0.6182,0.6005,2026-01-05T11:28:08.708040
288500,3.774945,43.60,590.8,,,,,2026-01-05T11:28:55.311614
289000,3.549762,34.81,591.9,,,,,2026-01-05T11:29:40.880498
289000,3.549762,34.81,591.9,0.7333,0.1429,45.06,0.6477,0.6537,2026-01-05T11:29:51.202051
289500,3.260764,26.07,592.9,,,,,2026-01-05T11:30:37.324550
290000,3.667146,39.14,593.9,,,,,2026-01-05T11:31:22.576661
290000,3.667146,39.14,593.9,0.8000,0.2857,44.99,0.6324,0.6262,2026-01-05T11:31:32.899979
290500,3.972055,53.09,594.9,,,,,2026-01-05T11:32:19.111277
291000,4.312132,74.60,596.0,,,,,2026-01-05T11:33:04.611650
291000,4.312132,74.60,596.0,0.7500,0.1429,47.75,0.6010,0.5906,2026-01-05T11:33:14.973187
291500,3.877241,48.29,597.0,,,,,2026-01-05T11:34:00.970319
292000,3.776137,43.65,598.0,,,,,2026-01-05T11:34:46.254170
292000,3.776137,43.65,598.0,0.8000,0.1429,46.22,0.6488,0.6472,2026-01-05T11:34:56.711439
292500,3.955383,52.22,599.0,,,,,2026-01-05T11:35:43.217725
293000,4.134735,62.47,600.1,,,,,2026-01-05T11:36:28.996380
293000,4.134735,62.47,600.1,0.7667,0.1429,45.96,0.6455,0.6440,2026-01-05T11:36:39.478987
293500,3.990316,54.07,601.1,,,,,2026-01-05T11:37:25.476377
294000,3.941341,51.49,602.1,,,,,2026-01-05T11:38:10.804180
294000,3.941341,51.49,602.1,0.8500,0.1429,44.91,0.5871,0.5817,2026-01-05T11:38:21.230712
294500,3.985071,53.79,603.1,,,,,2026-01-05T11:39:07.274429
295000,3.598541,36.54,604.2,,,,,2026-01-05T11:39:52.455173
295000,3.598541,36.54,604.2,0.8833,0.1429,46.20,0.6302,0.6103,2026-01-05T11:40:02.902891
295500,3.831985,46.15,605.2,,,,,2026-01-05T11:40:48.749505
296000,3.868102,47.85,606.2,,,,,2026-01-05T11:41:34.895469
296000,3.868102,47.85,606.2,0.8000,0.1429,45.64,0.6829,0.6702,2026-01-05T11:41:45.208166
296500,3.906421,49.72,607.2,,,,,2026-01-05T11:42:31.516985
297000,3.758762,42.90,608.3,,,,,2026-01-05T11:43:16.875441
297000,3.758762,42.90,608.3,0.7833,0.0000,45.04,0.6511,0.6217,2026-01-05T11:43:27.210782
297500,4.213424,67.59,609.3,,,,,2026-01-05T11:44:13.410993
298000,4.347753,77.30,610.3,,,,,2026-01-05T11:44:59.233077
298000,4.347753,77.30,610.3,0.8833,0.2857,46.56,0.6027,0.6036,2026-01-05T11:45:09.727640
298500,3.944420,51.65,611.3,,,,,2026-01-05T11:45:58.257321
299000,3.984490,53.76,612.4,,,,,2026-01-05T11:46:43.473773
299000,3.984490,53.76,612.4,0.6833,0.1429,45.39,0.6369,0.6201,2026-01-05T11:46:54.661672
299500,3.899454,49.38,613.4,,,,,2026-01-05T11:47:40.717879
300000,3.872821,48.08,614.4,,,,,2026-01-05T11:48:25.754823
300000,3.872821,48.08,614.4,0.8333,0.2857,44.52,0.6093,0.6092,2026-01-05T11:48:36.080380
300500,3.765795,43.20,615.4,,,,,2026-01-05T11:49:21.969804
301000,3.919975,50.40,616.4,,,,,2026-01-05T11:50:07.058518
301000,3.919975,50.40,616.4,0.8000,0.2857,45.78,0.6284,0.6256,2026-01-05T11:50:17.447317
301500,4.585107,98.01,617.5,,,,,2026-01-05T11:51:03.430153
302000,4.140567,62.84,618.5,,,,,2026-01-05T11:51:48.845563
302000,4.140567,62.84,618.5,0.8333,0.0000,45.23,0.6420,0.6255,2026-01-05T11:51:59.218309
302500,4.143991,63.05,619.5,,,,,2026-01-05T11:52:40.812907
303000,3.913040,50.05,620.5,,,,,2026-01-05T11:53:17.422266
303000,3.913040,50.05,620.5,0.8000,0.4286,45.48,0.6011,0.5991,2026-01-05T11:53:27.822920
303500,3.508924,33.41,621.6,,,,,2026-01-05T11:54:10.006406
304000,3.553645,34.94,622.6,,,,,2026-01-05T11:54:55.552230
304000,3.553645,34.94,622.6,0.8333,0.1429,46.08,0.6361,0.6284,2026-01-05T11:55:06.135951
304500,3.967046,52.83,623.6,,,,,2026-01-05T11:55:52.720040
305000,4.409339,82.22,624.6,,,,,2026-01-05T11:56:38.185996
305000,4.409339,82.22,624.6,0.7833,0.2857,51.90,0.6295,0.6193,2026-01-05T11:56:48.844668
305500,3.884842,48.66,625.7,,,,,2026-01-05T11:57:35.085419
306000,4.150139,63.44,626.7,,,,,2026-01-05T11:58:20.447602
306000,4.150139,63.44,626.7,0.8667,0.0000,46.29,0.6355,0.6289,2026-01-05T11:58:30.797319
306500,2.888142,17.96,627.7,,,,,2026-01-05T11:59:17.179363
307000,3.814243,45.34,628.7,,,,,2026-01-05T12:00:02.629445
307000,3.814243,45.34,628.7,0.7500,0.4286,45.88,0.5918,0.5919,2026-01-05T12:00:13.278116
307500,3.880579,48.45,629.8,,,,,2026-01-05T12:00:59.443962
308000,3.673301,39.38,630.8,,,,,2026-01-05T12:01:44.811154
308000,3.673301,39.38,630.8,0.8000,0.4286,45.44,0.6447,0.6355,2026-01-05T12:01:55.401776
308500,3.695986,40.29,631.8,,,,,2026-01-05T12:02:41.554138
309000,3.937735,51.30,632.8,,,,,2026-01-05T12:03:27.086045
309000,3.937735,51.30,632.8,0.7833,0.2857,45.84,0.6517,0.6393,2026-01-05T12:03:37.848014
309500,3.627351,37.61,633.9,,,,,2026-01-05T12:04:24.208287
310000,3.314018,27.50,634.9,,,,,2026-01-05T12:05:09.710089
310000,3.314018,27.50,634.9,0.8500,0.0000,46.45,0.6515,0.6425,2026-01-05T12:05:20.215081
310500,4.000042,54.60,635.9,,,,,2026-01-05T12:06:00.338185
311000,4.103868,60.57,636.9,,,,,2026-01-05T12:06:45.867911
311000,4.103868,60.57,636.9,0.8333,0.2857,45.36,0.6477,0.6335,2026-01-05T12:06:56.143055
311500,4.192497,66.19,638.0,,,,,2026-01-05T12:07:42.984747
312000,3.745243,42.32,639.0,,,,,2026-01-05T12:08:28.382318
312000,3.745243,42.32,639.0,0.8000,0.2857,44.03,0.6625,0.6556,2026-01-05T12:08:38.614381
312500,4.248534,70.00,640.0,,,,,2026-01-05T12:09:25.711542
313000,4.196129,66.43,641.0,,,,,2026-01-05T12:10:10.931578
313000,4.196129,66.43,641.0,0.7500,0.5714,45.64,0.6247,0.6219,2026-01-05T12:10:21.420261
313500,3.908662,49.83,642.0,,,,,2026-01-05T12:11:07.287840
314000,4.173882,64.97,643.1,,,,,2026-01-05T12:11:52.360118
314000,4.173882,64.97,643.1,0.8000,0.1429,45.54,0.6213,0.6357,2026-01-05T12:12:02.687652
314500,3.909584,49.88,644.1,,,,,2026-01-05T12:12:48.620393
315000,3.971220,53.05,645.1,,,,,2026-01-05T12:13:33.833967
315000,3.971220,53.05,645.1,0.7333,0.2857,45.61,0.6113,0.6004,2026-01-05T12:13:44.202740
315500,3.918284,50.31,646.1,,,,,2026-01-05T12:14:30.008409
316000,4.199923,66.68,647.2,,,,,2026-01-05T12:15:15.178304
316000,4.199923,66.68,647.2,0.6833,0.2857,48.73,0.6107,0.6164,2026-01-05T12:15:25.498381
316500,4.038800,56.76,648.2,,,,,2026-01-05T12:16:11.513545
317000,3.368515,29.04,649.2,,,,,2026-01-05T12:16:56.822288
317000,3.368515,29.04,649.2,0.8167,0.4286,49.17,0.6231,0.6176,2026-01-05T12:17:07.200387
317500,4.393053,80.89,650.2,,,,,2026-01-05T12:17:53.196345
318000,3.973939,53.19,651.3,,,,,2026-01-05T12:18:38.703053
318000,3.973939,53.19,651.3,0.7667,0.1429,45.62,0.6328,0.6252,2026-01-05T12:18:49.308918
318500,4.009905,55.14,652.3,,,,,2026-01-05T12:19:35.359194
319000,4.285550,72.64,653.3,,,,,2026-01-05T12:20:20.684386
319000,4.285550,72.64,653.3,0.8500,0.1429,46.70,0.6341,0.6388,2026-01-05T12:20:31.088768
319500,4.028575,56.18,654.3,,,,,2026-01-05T12:21:17.114165
320000,3.764012,43.12,655.4,,,,,2026-01-05T12:22:02.404786
320000,3.764012,43.12,655.4,0.8333,0.2857,45.38,0.6131,0.6078,2026-01-05T12:22:13.027488
320500,3.885913,48.71,656.4,,,,,2026-01-05T12:22:59.120967
321000,4.114297,61.21,657.4,,,,,2026-01-05T12:23:44.407664
321000,4.114297,61.21,657.4,0.8000,0.2857,45.24,0.6118,0.5994,2026-01-05T12:23:54.636418
321500,3.832490,46.18,658.4,,,,,2026-01-05T12:24:40.560202
322000,3.224402,25.14,659.5,,,,,2026-01-05T12:25:25.882730
322000,3.224402,25.14,659.5,0.8000,0.1429,47.48,0.6465,0.6348,2026-01-05T12:25:36.532008
322500,3.700036,40.45,660.5,,,,,2026-01-05T12:26:22.610278
323000,3.827471,45.95,661.5,,,,,2026-01-05T12:27:08.031299
323000,3.827471,45.95,661.5,0.7667,0.1429,45.38,0.6021,0.6051,2026-01-05T12:27:18.472376
323500,4.157428,63.91,662.5,,,,,2026-01-05T12:28:04.851083
324000,3.838939,46.48,663.6,,,,,2026-01-05T12:28:50.308525
324000,3.838939,46.48,663.6,0.7333,0.4286,43.94,0.6148,0.6178,2026-01-05T12:29:00.728529
324500,4.142028,62.93,664.6,,,,,2026-01-05T12:29:46.962728
325000,3.610028,36.97,665.6,,,,,2026-01-05T12:30:32.485088
325000,3.610028,36.97,665.6,0.8000,0.2857,45.09,0.6537,0.6375,2026-01-05T12:30:42.886722
325500,3.807333,45.03,666.6,,,,,2026-01-05T12:31:28.830200
326000,3.909704,49.88,667.6,,,,,2026-01-05T12:32:13.960670
326000,3.909704,49.88,667.6,0.8167,0.2857,44.04,0.6245,0.6152,2026-01-05T12:32:24.441037
326500,4.203827,66.94,668.7,,,,,2026-01-05T12:33:10.353138
327000,4.130645,62.22,669.7,,,,,2026-01-05T12:33:55.655463
327000,4.130645,62.22,669.7,0.8333,0.4286,44.07,0.6467,0.6370,2026-01-05T12:34:06.299827
327500,3.268244,26.27,670.7,,,,,2026-01-05T12:34:52.263780
328000,4.160913,64.13,671.7,,,,,2026-01-05T12:35:37.473607
328000,4.160913,64.13,671.7,0.7667,0.1429,45.67,0.6698,0.6564,2026-01-05T12:35:47.925089
328500,3.362628,28.86,672.8,,,,,2026-01-05T12:36:34.168322
329000,3.377043,29.28,673.8,,,,,2026-01-05T12:37:19.653372
329000,3.377043,29.28,673.8,0.8833,0.1429,44.14,0.6558,0.6670,2026-01-05T12:37:30.044620
329500,3.872048,48.04,674.8,,,,,2026-01-05T12:38:16.362254
330000,4.301662,73.82,675.8,,,,,2026-01-05T12:39:03.578705
330000,4.301662,73.82,675.8,0.7833,0.1429,45.27,0.6382,0.6321,2026-01-05T12:39:14.087093
330500,3.842368,46.64,676.9,,,,,2026-01-05T12:40:06.372325
331000,3.379850,29.37,677.9,,,,,2026-01-05T12:40:55.716670
331000,3.379850,29.37,677.9,0.8667,0.1429,45.35,0.6168,0.5996,2026-01-05T12:41:06.138509
331500,3.473554,32.25,678.9,,,,,2026-01-05T12:41:53.282133
332000,3.712730,40.97,679.9,,,,,2026-01-05T12:42:39.945580
332000,3.712730,40.97,679.9,0.8500,0.1429,44.30,0.6624,0.6564,2026-01-05T12:42:50.381681
332500,3.967909,52.87,681.0,,,,,2026-01-05T12:43:38.503109
333000,3.968318,52.90,682.0,,,,,2026-01-05T12:44:24.517666
333000,3.968318,52.90,682.0,0.7167,0.2857,44.59,0.6042,0.5785,2026-01-05T12:44:34.954333
333500,4.062147,58.10,683.0,,,,,2026-01-05T12:45:21.565956
334000,4.259641,70.78,684.0,,,,,2026-01-05T12:46:07.020842
334000,4.259641,70.78,684.0,0.8167,0.1429,44.13,0.6421,0.6320,2026-01-05T12:46:17.496631
334500,3.576827,35.76,685.1,,,,,2026-01-05T12:47:04.152215
335000,3.955511,52.22,686.1,,,,,2026-01-05T12:47:49.830921
335000,3.955511,52.22,686.1,0.8000,0.2857,24.02,0.6364,0.6147,2026-01-05T12:48:00.331423
335500,3.969282,52.95,687.1,,,,,2026-01-05T12:48:41.258807
336000,3.646996,38.36,688.1,,,,,2026-01-05T12:49:26.807329
336000,3.646996,38.36,688.1,0.7667,0.1429,32.48,0.6572,0.6628,2026-01-05T12:49:37.262840
336500,3.904078,49.60,689.2,,,,,2026-01-05T12:50:23.696803
337000,4.270287,71.54,690.2,,,,,2026-01-05T12:51:09.138601
337000,4.270287,71.54,690.2,0.8167,0.1429,36.71,0.6229,0.6337,2026-01-05T12:51:19.599362
337500,3.938496,51.34,691.2,,,,,2026-01-05T12:52:05.794599
338000,3.918619,50.33,692.2,,,,,2026-01-05T12:52:51.126590
338000,3.918619,50.33,692.2,0.8000,0.1429,35.97,0.6412,0.6443,2026-01-05T12:53:01.578118
338500,3.435497,31.05,693.2,,,,,2026-01-05T12:53:47.705187
339000,3.817586,45.49,694.3,,,,,2026-01-05T12:54:33.035847
339000,3.817586,45.49,694.3,0.8167,0.4286,37.18,0.6321,0.6323,2026-01-05T12:54:43.549444
339500,4.227759,68.56,695.3,,,,,2026-01-05T12:55:29.790853
340000,4.020748,55.74,696.3,,,,,2026-01-05T12:56:15.272405
340000,4.020748,55.74,696.3,0.8500,0.1429,41.09,0.6402,0.6331,2026-01-05T12:56:25.799356
340500,3.683923,39.80,697.3,,,,,2026-01-05T12:57:11.845876
341000,3.495730,32.97,698.4,,,,,2026-01-05T12:57:57.406775
341000,3.495730,32.97,698.4,0.8833,0.1429,40.26,0.6419,0.6405,2026-01-05T12:58:08.183149
341500,4.365562,78.69,699.4,,,,,2026-01-05T12:58:54.171136
342000,4.152990,63.62,700.4,,,,,2026-01-05T12:59:44.855016
342000,4.152990,63.62,700.4,0.8333,0.1429,41.49,0.6410,0.6472,2026-01-05T12:59:55.584480
342500,4.167782,64.57,701.4,,,,,2026-01-05T13:00:45.356449
343000,3.789843,44.25,702.5,,,,,2026-01-05T13:01:32.130314
343000,3.789843,44.25,702.5,0.8333,0.1429,41.05,0.6340,0.6314,2026-01-05T13:01:42.680091
343500,3.651283,38.52,703.5,,,,,2026-01-05T13:02:33.017604
344000,4.109735,60.93,704.5,,,,,2026-01-05T13:03:18.348532
344000,4.109735,60.93,704.5,0.7500,0.1429,41.30,0.5968,0.5809,2026-01-05T13:03:28.899673
344500,3.798147,44.62,705.5,,,,,2026-01-05T13:04:15.416608
345000,3.895404,49.18,706.6,,,,,2026-01-05T13:05:00.419131
345000,3.895404,49.18,706.6,0.7500,0.4286,42.56,0.6090,0.6277,2026-01-05T13:05:10.723475
345500,4.090448,59.77,707.6,,,,,2026-01-05T13:05:56.470370
346000,3.768258,43.30,708.6,,,,,2026-01-05T13:06:41.510877
346000,3.768258,43.30,708.6,0.7500,0.4286,43.25,0.6270,0.6210,2026-01-05T13:06:51.915376
346500,3.837866,46.43,709.6,,,,,2026-01-05T13:07:37.608778
347000,3.672792,39.36,710.7,,,,,2026-01-05T13:08:22.609698
347000,3.672792,39.36,710.7,0.8167,0.1429,45.39,0.6233,0.6030,2026-01-05T13:08:33.090590
347500,3.800681,44.73,711.7,,,,,2026-01-05T13:09:18.918882
348000,3.857883,47.36,712.7,,,,,2026-01-05T13:10:03.897084
348000,3.857883,47.36,712.7,0.7833,0.1429,43.27,0.6216,0.6090,2026-01-05T13:10:14.313292
348500,3.696450,40.30,713.7,,,,,2026-01-05T13:11:00.159738
349000,4.742828,114.76,714.8,,,,,2026-01-05T13:11:45.233292
349000,4.742828,114.76,714.8,0.7833,0.2857,44.94,0.6380,0.6301,2026-01-05T13:11:56.044207
349500,3.763618,43.10,715.8,,,,,2026-01-05T13:12:42.033659
350000,3.837644,46.42,716.8,,,,,2026-01-05T13:13:27.470297
350000,3.837644,46.42,716.8,0.7833,0.4286,42.32,0.6352,0.6322,2026-01-05T13:13:38.041502
350500,3.688056,39.97,717.8,,,,,2026-01-05T13:14:23.671148
351000,3.935219,51.17,718.8,,,,,2026-01-05T13:15:08.563391
351000,3.935219,51.17,718.8,0.8000,0.4286,42.47,0.6422,0.6496,2026-01-05T13:15:18.959449
351500,4.127296,62.01,719.9,,,,,2026-01-05T13:16:05.646551
352000,3.978120,53.42,720.9,,,,,2026-01-05T13:16:51.348898
352000,3.978120,53.42,720.9,0.8167,0.4286,43.57,0.6324,0.6459,2026-01-05T13:17:02.022206
352500,4.122824,61.73,721.9,,,,,2026-01-05T13:17:48.230539
353000,3.880162,48.43,722.9,,,,,2026-01-05T13:18:35.152712
353000,3.880162,48.43,722.9,0.8667,0.0000,42.17,0.6272,0.6274,2026-01-05T13:18:45.593642
353500,4.001335,54.67,724.0,,,,,2026-01-05T13:19:34.345349
354000,4.331469,76.06,725.0,,,,,2026-01-05T13:20:21.584702
354000,4.331469,76.06,725.0,0.8000,0.2857,42.69,0.6364,0.6221,2026-01-05T13:20:32.116837
354500,4.206373,67.11,726.0,,,,,2026-01-05T13:21:21.181349
355000,3.723549,41.41,727.0,,,,,2026-01-05T13:22:08.416262
355000,3.723549,41.41,727.0,0.9000,0.0000,29.17,0.6492,0.6418,2026-01-05T13:22:19.104754
355500,3.752869,42.64,728.1,,,,,2026-01-05T13:23:06.353421
356000,4.314641,74.79,729.1,,,,,2026-01-05T13:23:51.708870
356000,4.314641,74.79,729.1,0.6833,0.1429,33.14,0.6347,0.6285,2026-01-05T13:24:02.087568
356500,4.370383,79.07,730.1,,,,,2026-01-05T13:24:47.972663
357000,4.074055,58.79,731.1,,,,,2026-01-05T13:25:32.988674
357000,4.074055,58.79,731.1,0.8167,0.1429,36.21,0.6243,0.6258,2026-01-05T13:25:43.589205
357500,4.044962,57.11,732.2,,,,,2026-01-05T13:26:29.339592
358000,4.017975,55.59,733.2,,,,,2026-01-05T13:27:14.326533
358000,4.017975,55.59,733.2,0.8000,0.1429,37.78,0.6149,0.6053,2026-01-05T13:27:24.491302
358500,4.316024,74.89,734.2,,,,,2026-01-05T13:28:10.308811
359000,3.811062,45.20,735.2,,,,,2026-01-05T13:28:55.310771
359000,3.811062,45.20,735.2,0.8000,0.1429,38.24,0.6470,0.6410,2026-01-05T13:29:05.609942
359500,3.904831,49.64,736.3,,,,,2026-01-05T13:29:51.498337
360000,4.124501,61.84,737.3,,,,,2026-01-05T13:30:36.631294
360000,4.124501,61.84,737.3,0.8167,0.1429,41.70,0.6290,0.6258,2026-01-05T13:30:47.093209
360500,3.668758,39.20,738.3,,,,,2026-01-05T13:31:29.038373
361000,3.896471,49.23,739.3,,,,,2026-01-05T13:32:09.924590
361000,3.896471,49.23,739.3,0.8333,0.4286,39.19,0.6608,0.6527,2026-01-05T13:32:20.337811
361500,3.749873,42.52,740.4,,,,,2026-01-05T13:33:06.349480
362000,3.888734,48.85,741.4,,,,,2026-01-05T13:33:51.690917
362000,3.888734,48.85,741.4,0.8333,0.1429,40.17,0.6207,0.6209,2026-01-05T13:34:02.368601
362500,3.601848,36.67,742.4,,,,,2026-01-05T13:34:48.633513
363000,4.048315,57.30,743.4,,,,,2026-01-05T13:35:34.195596
363000,4.048315,57.30,743.4,0.7667,0.4286,40.79,0.6632,0.6525,2026-01-05T13:35:45.340145
363500,3.606731,36.85,744.4,,,,,2026-01-05T13:36:32.040903
364000,3.936200,51.22,745.5,,,,,2026-01-05T13:37:17.676297
364000,3.936200,51.22,745.5,0.8000,0.2857,40.61,0.6227,0.6224,2026-01-05T13:37:28.523878
364500,4.121477,61.65,746.5,,,,,2026-01-05T13:38:15.191067
365000,3.876313,48.25,747.5,,,,,2026-01-05T13:39:00.678118
365000,3.876313,48.25,747.5,0.7833,0.1429,40.21,0.6271,0.6121,2026-01-05T13:39:11.407993
365500,4.049220,57.35,748.5,,,,,2026-01-05T13:39:57.958815
366000,4.119358,61.52,749.6,,,,,2026-01-05T13:40:43.423501
366000,4.119358,61.52,749.6,0.8500,0.1429,41.21,0.6224,0.6143,2026-01-05T13:40:54.105092
366500,3.555281,35.00,750.6,,,,,2026-01-05T13:41:40.480933
367000,4.159669,64.05,751.6,,,,,2026-01-05T13:42:25.605789
367000,4.159669,64.05,751.6,0.7833,0.0000,40.86,0.6512,0.6298,2026-01-05T13:42:36.406833
367500,3.737870,42.01,752.6,,,,,2026-01-05T13:43:22.560835
368000,4.018794,55.63,753.7,,,,,2026-01-05T13:44:07.575341
368000,4.018794,55.63,753.7,0.8167,0.1429,41.96,0.6450,0.6377,2026-01-05T13:44:18.456206
368500,3.741837,42.18,754.7,,,,,2026-01-05T13:45:04.525680
369000,4.160988,64.13,755.7,,,,,2026-01-05T13:45:49.579923
369000,4.160988,64.13,755.7,0.7833,0.4286,42.97,0.6379,0.6406,2026-01-05T13:46:00.245268
369500,3.935803,51.20,756.7,,,,,2026-01-05T13:46:46.345050
370000,3.563192,35.28,757.8,,,,,2026-01-05T13:47:31.514420
370000,3.563192,35.28,757.8,0.7500,0.2857,43.43,0.6353,0.6319,2026-01-05T13:47:42.346389
370500,3.928943,50.85,758.8,,,,,2026-01-05T13:48:28.261486
371000,3.761340,43.01,759.8,,,,,2026-01-05T13:49:14.052600
371000,3.761340,43.01,759.8,0.8833,0.2857,43.89,0.6255,0.6109,2026-01-05T13:49:25.030979
371500,3.838155,46.44,760.8,,,,,2026-01-05T13:50:11.639494
372000,3.996958,54.43,761.9,,,,,2026-01-05T13:50:57.121535
372000,3.996958,54.43,761.9,0.8167,0.1429,43.99,0.6165,0.5961,2026-01-05T13:51:07.696903
372500,4.134529,62.46,762.9,,,,,2026-01-05T13:51:56.763754
373000,4.297287,73.50,763.9,,,,,2026-01-05T13:52:42.542641
373000,4.297287,73.50,763.9,0.8667,0.2857,43.13,0.5828,0.5895,2026-01-05T13:52:52.948399
373500,3.324022,27.77,764.9,,,,,2026-01-05T13:53:39.077258
374000,4.497037,89.75,766.0,,,,,2026-01-05T13:54:24.066494
374000,4.497037,89.75,766.0,0.7667,0.1429,45.96,0.6136,0.6068,2026-01-05T13:54:34.600229
374500,4.131257,62.26,767.0,,,,,2026-01-05T13:55:20.519035
375000,3.746737,42.38,768.0,,,,,2026-01-05T13:56:05.879982
375000,3.746737,42.38,768.0,0.7667,0.1429,44.26,0.6360,0.6291,2026-01-05T13:56:16.230900
375500,3.706875,40.73,769.0,,,,,2026-01-05T13:57:02.225596
376000,4.129629,62.15,770.0,,,,,2026-01-05T13:57:47.554494
376000,4.129629,62.15,770.0,0.8167,0.1429,43.90,0.6037,0.6107,2026-01-05T13:57:58.135499
376500,3.902821,49.54,771.1,,,,,2026-01-05T13:58:43.992133
377000,3.533018,34.23,772.1,,,,,2026-01-05T13:59:29.284873
377000,3.533018,34.23,772.1,0.8667,0.2857,43.66,0.6422,0.6412,2026-01-05T13:59:39.677205
377500,3.922121,50.51,773.1,,,,,2026-01-05T14:00:26.035718
378000,4.145710,63.16,774.1,,,,,2026-01-05T14:01:11.440772
378000,4.145710,63.16,774.1,0.7667,0.2857,42.98,0.6499,0.6358,2026-01-05T14:01:21.954187
378500,4.030846,56.31,775.2,,,,,2026-01-05T14:02:08.217103
379000,3.950564,51.96,776.2,,,,,2026-01-05T14:02:53.592779
379000,3.950564,51.96,776.2,0.7833,0.2857,42.80,0.6445,0.6263,2026-01-05T14:03:04.230106
